Sample Date,Fraction,Replicate ,Order,Family,Genus,1,2,3,4,5,6,7,8,9,10,BIOMASS STARTS HERE,1,2,3,4,5,6,7,8,9,10,Aundance,Density,Biomass
9/19/23,< 1,1,Ephemeroptera,Baetidae,Acentrella,0,0,0,0,0,0,0,0,0,0,0,0,0,0,0,0,0,0,0,0,0,0,0,0
9/19/23,< 1,1,Ephemeroptera,Baetidae,Acerpenna,0,0,0,0,0,0,0,0,0,0,0,0,0,0,0,0,0,0,0,0,0,0,0,0
9/19/23,< 1,1,Plecoptera,Perlidae,Acroneuria,0,0,0,0,0,0,0,0,0,0,0,0,0,0,0,0,0,0,0,0,0,0,0,0
9/19/23,< 1,1,Plecoptera,Adult,Adult,0,0,0,0,0,0,0,0,0,0,0,0,0,0,0,0,0,0,0,0,0,0,0,0
9/19/23,< 1,1,Diptera,Adult,Adult,0,0,0,0,0,0,0,0,0,0,0,0,0,0,0,0,0,0,0,0,0,0,0,0
9/19/23,< 1,1,Plecoptera,Capniidae,Allocapnia,0,0,0,0,0,0,0,0,0,0,0,0,0,0,0,0,0,0,0,0,0,0,0,0
9/19/23,< 1,1,Diptera,Stratiomyidae,Allognasta,0,0,0,0,0,0,0,0,0,0,0,0,0,0,0,0,0,0,0,0,0,0,0,0
9/19/23,< 1,1,Plecoptera,Chloroperlidae,Alloperla,0,0,0,0,0,0,0,0,0,0,0,0,0,0,0,0,0,0,0,0,0,0,0,0
9/19/23,< 1,1,Ephemeroptera,Ameletidae,Ameletus,0,0,0,0,0,0,0,0,0,0,0,0,0,0,0,0,0,0,0,0,0,0,0,0
9/19/23,< 1,1,Plecoptera,Nemouridae,Amphinemura,0,0,0,0,0,0,0,0,0,0,0,0,0,0,0,0,0,0,0,0,0,0,0,0
9/19/23,< 1,1,Diptera,Limoniidae,Antocha,0,0,1,0,0,0,0,0,0,0,0,0,0,0.06009253,0,0,0,0,0,0,0,1,10.76426265,0.06009253
9/19/23,< 1,1,Diptera,Athericidae,Atherix,0,0,0,0,0,0,0,0,0,0,0,0,0,0,0,0,0,0,0,0,0,0,0,0
9/19/23,< 1,1,Ephemeroptera,Ephemerellidae,Attenella,0,0,0,0,0,0,0,0,0,0,0,0,0,0,0,0,0,0,0,0,0,0,0,0
9/19/23,< 1,1,Ephemeroptera,Baetidae,Baetis,0,0,0,0,0,0,0,0,0,0,0,0,0,0,0,0,0,0,0,0,0,0,0,0
9/19/23,< 1,1,Ephemeroptera,Baetidae,Baetidae,0,0,0,0,0,0,0,0,0,0,0,0,0,0,0,0,0,0,0,0,0,0,0,0
9/19/23,< 1,1,Ephemeroptera,Baetiscidae,Baetisca,0,0,0,0,0,0,0,0,0,0,0,0,0,0,0,0,0,0,0,0,0,0,0,0
9/19/23,< 1,1,Odonata,Aeshnidae,Boyeria,0,0,0,0,0,0,0,0,0,0,0,0,0,0,0,0,0,0,0,0,0,0,0,0
9/19/23,< 1,1,Odonata,Calopterygidae,Calopteryx,0,0,0,0,0,0,0,0,0,0,0,0,0,0,0,0,0,0,0,0,0,0,0,0
9/19/23,< 1,1,Plecoptera,Capniidae,Capniidae,0,0,0,0,0,0,0,0,0,0,0,0,0,0,0,0,0,0,0,0,0,0,0,0
9/19/23,< 1,1,Trichoptera,Polycentropodidae,Cernotina,0,0,0,0,0,0,0,0,0,0,0,0,0,0,0,0,0,0,0,0,0,0,0,0
9/19/23,< 1,1,Megaloptera,Corydalidae,Chauloides,0,0,0,0,0,0,0,0,0,0,0,0,0,0,0,0,0,0,0,0,0,0,0,0
9/19/23,< 1,1,Diptera,Empididae,Chelifera,0,0,0,0,0,0,0,0,0,0,0,0,0,0,0,0,0,0,0,0,0,0,0,0
9/19/23,< 1,1,Trichoptera,Hydropsychidae,Cheumatopsyche,0,0,0,0,0,0,0,0,0,0,0,0,0,0,0,0,0,0,0,0,0,0,0,0
9/19/23,< 1,1,Trichoptera,Philopotamidae,Chimarra,0,0,0,0,0,0,0,0,0,0,0,0,0,0,0,0,0,0,0,0,0,0,0,0
9/19/23,< 1,1,Diptera,Chironomidae,Chironomidae,0,0,0,0,0,0,0,0,0,0,0,0,0,0,0,0,0,0,0,0,0,0,0,0
9/19/23,< 1,1,Diptera,Chironomidae,Chironomini,0,0,0,0,0,0,0,0,0,0,0,0,0,0,0,0,0,0,0,0,0,0,0,0
9/19/23,< 1,1,Coleoptera,Circulionidae,Circulionidae,0,0,0,0,0,0,0,0,0,0,0,0,0,0,0,0,0,0,0,0,0,0,0,0
9/19/23,< 1,1,Hexapoda,Collembola,Collembola,0,0,0,0,0,0,0,0,0,0,0,0,0,0,0,0,0,0,0,0,0,0,0,0
9/19/23,< 1,1,Trichoptera,Polycentropodidae,Cyrnellus,0,0,0,0,0,0,0,0,0,0,0,0,0,0,0,0,0,0,0,0,0,0,0,0
9/19/23,< 1,1,Diptera,Pediciidae,Dicranota,0,0,0,0,0,0,0,0,0,0,0,0,0,0,0,0,0,0,0,0,0,0,0,0
9/19/23,< 1,1,Trichoptera,Hydropsychidae,Diplectrona,0,0,0,1,0,0,0,0,0,0,0,0,0,0,0.185179649,0,0,0,0,0,0,1,10.76426265,0.185179649
9/19/23,< 1,1,Diptera,Ephydridae,Discocerina,0,0,0,0,0,0,0,0,0,0,0,0,0,0,0,0,0,0,0,0,0,0,0,0
9/19/23,< 1,1,Diptera,Dixidae,Dixa,0,0,0,0,0,0,0,0,0,0,0,0,0,0,0,0,0,0,0,0,0,0,0,0
9/19/23,< 1,1,Diptera,Dixidae,Dixella,0,0,0,0,0,0,0,0,0,0,0,0,0,0,0,0,0,0,0,0,0,0,0,0
9/19/23,< 1,1,Trichoptera,Philopotamidae,Dolophilodes,0,0,0,0,0,0,0,0,0,0,0,0,0,0,0,0,0,0,0,0,0,0,0,0
9/19/23,< 1,1,Coleoptera,Psephenidae,Ectopria,0,0,0,0,0,0,0,0,0,0,0,0,0,0,0,0,0,0,0,0,0,0,0,0
9/19/23,< 1,1,Diptera,Tipulidae,Eloeophila,0,0,0,0,0,0,0,0,0,0,0,0,0,0,0,0,0,0,0,0,0,0,0,0
9/19/23,< 1,1,Ephemeroptera,Ephemeridae,Ephemera,0,0,0,0,0,0,0,0,0,0,0,0,0,0,0,0,0,0,0,0,0,0,0,0
9/19/23,< 1,1,Ephemeroptera,Heptageniidae,Epeorus,0,0,0,0,0,0,0,0,0,0,0,0,0,0,0,0,0,0,0,0,0,0,0,0
9/19/23,< 1,1,Diptera,Eriopterini,Eriopterini,0,0,0,0,0,0,0,0,0,0,0,0,0,0,0,0,0,0,0,0,0,0,0,0
9/19/23,< 1,1,Ephemeroptera,Ephemerellidae,Eurylophella,0,0,0,0,0,0,0,0,0,0,0,0,0,0,0,0,0,0,0,0,0,0,0,0
9/19/23,< 1,1,Hemiptera,Gerridae,Gerris,0,0,0,0,0,0,0,0,0,0,0,0,0,0,0,0,0,0,0,0,0,0,0,0
9/19/23,< 1,1,Trichoptera,Glossosomatidae,Glossosoma,0,0,0,0,0,0,0,0,0,0,0,0,0,0,0,0,0,0,0,0,0,0,0,0
9/19/23,< 1,1,Trichoptera,Goeridae,Goera,0,0,0,0,0,0,0,0,0,0,0,0,0,0,0,0,0,0,0,0,0,0,0,0
9/19/23,< 1,1,Odonata,Gomphidae,Gomphurus,0,0,0,0,0,0,0,0,0,0,0,0,0,0,0,0,0,0,0,0,0,0,0,0
9/19/23,< 1,1,Coleoptera,Gyrinidae,Gyrinus,0,0,0,0,0,0,0,0,0,0,0,0,0,0,0,0,0,0,0,0,0,0,0,0
9/19/23,< 1,1,Ephemeroptera,Heptageniidae,Heptageniidae,0,0,0,0,0,0,0,0,0,0,0,0,0,0,0,0,0,0,0,0,0,0,0,0
9/19/23,< 1,1,Odonata,Calopterygidae,Hetaerina,0,0,0,0,0,0,0,0,0,0,0,0,0,0,0,0,0,0,0,0,0,0,0,0
9/19/23,< 1,1,Diptera,Limoniidae,Hexatoma,0,0,0,0,0,0,0,0,0,0,0,0,0,0,0,0,0,0,0,0,0,0,0,0
9/19/23,< 1,1,Trombidiformes,Hydrachnidia,Hydrachnia,0,0,0,0,0,0,0,0,0,0,0,0,0,0,0,0,0,0,0,0,0,0,0,0
9/19/23,< 1,1,Trichoptera,Limnephilidae,Hydratophylax,0,0,0,0,0,0,0,0,0,0,0,0,0,0,0,0,0,0,0,0,0,0,0,0
9/19/23,< 1,1,Trichoptera,Hydropsychidae,Hydropsyche,0,0,0,0,1,0,0,0,0,0,0,0,0,0,0,0.48024347,0,0,0,0,0,1,10.76426265,0.48024347
9/19/23,< 1,1,Ephemeroptera,Isonychiidae,Isonychia,0,0,0,0,0,0,0,0,0,0,0,0,0,0,0,0,0,0,0,0,0,0,0,0
9/19/23,< 1,1,Plecoptera,Perlodidae,Isoperla,0,0,0,0,0,0,0,0,0,0,0,0,0,0,0,0,0,0,0,0,0,0,0,0
9/19/23,< 1,1,Lepidoptera,Crambidae,Langessa,0,0,0,0,0,0,0,0,0,0,0,0,0,0,0,0,0,0,0,0,0,0,0,0
9/19/23,< 1,1,Odonata,Gomphidae,Lanthus,0,0,0,0,0,0,0,0,0,0,0,0,0,0,0,0,0,0,0,0,0,0,0,0
9/19/23,< 1,1,Ephemeroptera,Leptophlebiidae,Leptophlebiidae,0,0,0,0,0,0,0,0,0,0,0,0,0,0,0,0,0,0,0,0,0,0,0,0
9/19/23,< 1,1,Trichoptera,Lepidostomatidae,Lepidostoma,0,0,0,0,0,0,0,0,0,0,0,0,0,0,0,0,0,0,0,0,0,0,0,0
9/19/23,< 1,1,Plecoptera,Leuctridae,Leuctra,0,0,0,1,0,0,0,0,0,0,0,0,0,0,0.125623495,0,0,0,0,0,0,1,10.76426265,0.125623495
9/19/23,< 1,1,Plecoptera,Leuctridae,Leuctridae,0,0,0,0,0,0,0,0,0,0,0,0,0,0,0,0,0,0,0,0,0,0,0,0
9/19/23,< 1,1,Trichoptera,Limnephilidae,Limnephilidae,0,0,0,0,0,0,0,0,0,0,0,0,0,0,0,0,0,0,0,0,0,0,0,0
9/19/23,< 1,1,Diptera,Limoniidae,Limnophila,0,0,1,0,0,0,0,0,0,0,0,0,0,0.026218656,0,0,0,0,0,0,0,1,10.76426265,0.026218656
9/19/23,< 1,1,Diptera,Limoniidae,Limoniidae,0,0,0,0,0,0,0,0,0,0,0,0,0,0,0,0,0,0,0,0,0,0,0,0
9/19/23,< 1,1,Diptera,Psychomyiidae,Lypodiversa,0,0,0,0,0,0,0,0,0,0,0,0,0,0,0,0,0,0,0,0,0,0,0,0
9/19/23,< 1,1,Trichoptera,Brachycentridae,Micrasema,0,0,0,0,0,0,0,0,0,0,0,0,0,0,0,0,0,0,0,0,0,0,0,0
9/19/23,< 1,1,Hemiptera,Veliidae,Microvelia,0,2,0,0,0,0,0,0,0,0,0,0,0.113780644,0,0,0,0,0,0,0,0,2,21.5285253,0.113780644
9/19/23,< 1,1,Diptera,Limoniidae,Molophilus,0,0,0,0,0,0,0,0,0,0,0,0,0,0,0,0,0,0,0,0,0,0,0,0
9/19/23,< 1,1,Ephemeroptera,Baetidae,Neocleon,0,0,0,0,0,0,0,0,0,0,0,0,0,0,0,0,0,0,0,0,0,0,0,0
9/19/23,< 1,1,Trichoptera,Thremmatidae,Neophylax,0,0,0,0,0,0,0,0,0,0,0,0,0,0,0,0,0,0,0,0,0,0,0,0
9/19/23,< 1,1,Diptera,Empididae,Neoplasta,0,0,0,0,0,0,0,0,0,0,0,0,0,0,0,0,0,0,0,0,0,0,0,0
9/19/23,< 1,1,Megaloptera,Corydalidae,Nigronia,0,0,0,0,0,0,0,0,0,0,0,0,0,0,0,0,0,0,0,0,0,0,0,0
9/19/23,< 1,1,Coleoptera,Elmidae,Optioservus(A),0,0,0,0,0,0,0,0,0,0,0,0,0,0,0,0,0,0,0,0,0,0,0,0
9/19/23,< 1,1,Coleoptera,Elmidae,Optioservus(L),0,2,2,0,0,0,0,0,0,0,0,0,0.060693669,0.201545691,0,0,0,0,0,0,0,4,43.05705059,0.262239359
9/19/23,< 1,1,Diptera,Empididae,Oreogeton,0,0,0,0,0,0,0,0,0,0,0,0,0,0,0,0,0,0,0,0,0,0,0,0
9/19/23,< 1,1,Diptera,Chironominae,Orthocladine,0,5,1,0,1,0,0,0,0,0,0,0,0.047700355,0.023793663,0,0.075250326,0,0,0,0,0,7,75.34983854,0.146744344
9/19/23,< 1,1,Coleoptera,Elmidae,Oulimnius(A),1,3,1,0,0,0,0,0,0,0,0,0.06387,0.19161,0.06387,0,0,0,0,0,0,0,5,53.82131324,0.31935
9/19/23,< 1,1,Coleoptera,Elmidae,Oulimnius(L),0,0,0,0,0,0,0,0,0,0,0,0,0,0,0,0,0,0,0,0,0,0,0,0
9/19/23,< 1,1,Plecoptera,Capniidae,Paracapnia,0,0,2,0,0,0,0,0,0,0,0,0,0,0.122939247,0,0,0,0,0,0,0,2,21.5285253,0.122939247
9/19/23,< 1,1,Ephemeroptera,Leptophlebiidae,Paraleptophlebiidae,0,0,0,0,0,0,0,0,0,0,0,0,0,0,0,0,0,0,0,0,0,0,0,0
9/19/23,< 1,1,Trichoptera,Polycentropodidae,Polycentropodidae,0,0,0,0,0,0,0,0,0,0,0,0,0,0,0,0,0,0,0,0,0,0,0,0
9/19/23,< 1,1,Trichoptera,Polycentropodidae,Polycentropus,0,0,0,0,0,0,0,0,0,0,0,0,0,0,0,0,0,0,0,0,0,0,0,0
9/19/23,< 1,1,Diptera,Ceratopogonidae,Probezzia,0,0,0,0,0,0,0,0,0,0,0,0,0,0,0,0,0,0,0,0,0,0,0,0
9/19/23,< 1,1,Coleoptera,Dytiscidae,Prodaticus,0,0,0,0,0,0,0,0,0,0,0,0,0,0,0,0,0,0,0,0,0,0,0,0
9/19/23,< 1,1,Diptera,Simuliidae,Prosimulium,0,0,0,0,0,0,0,0,0,0,0,0,0,0,0,0,0,0,0,0,0,0,0,0
9/19/23,< 1,1,Plecoptera,Nemouridae,Prostoia,0,0,0,0,0,0,0,0,0,0,0,0,0,0,0,0,0,0,0,0,0,0,0,0
9/19/23,< 1,1,Coleoptera,Psephenidae,Psephenus,0,0,0,0,0,0,0,0,0,0,0,0,0,0,0,0,0,0,0,0,0,0,0,0
9/19/23,< 1,1,Diptera,Tipulidae,Pseudolimnophila,0,0,0,0,0,0,0,0,0,0,0,0,0,0,0,0,0,0,0,0,0,0,0,0
9/19/23,< 1,1,Plecoptera,Pteronarcyidae,Pteronarcys,0,0,0,0,0,0,0,0,0,0,0,0,0,0,0,0,0,0,0,0,0,0,0,0
9/19/23,< 1,1,Trichoptera,Pupa,Pupa,0,0,0,0,0,0,0,0,0,0,0,0,0,0,0,0,0,0,0,0,0,0,0,0
9/19/23,< 1,1,Diptera,Pupa,Pupa,0,0,0,0,0,0,0,0,0,0,0,0,0,0,0,0,0,0,0,0,0,0,0,0
9/19/23,< 1,1,Diptera,Chironomidae,Pupa,0,0,0,0,0,0,0,0,0,0,0,0,0,0,0,0,0,0,0,0,0,0,0,0
9/19/23,< 1,1,Trichoptera,Limnephilidae,Pycnopsyche,0,0,0,0,0,0,0,0,0,0,0,0,0,0,0,0,0,0,0,0,0,0,0,0
9/19/23,< 1,1,Plecoptera,Perlodidae,Remenus,0,0,0,0,0,0,0,0,0,0,0,0,0,0,0,0,0,0,0,0,0,0,0,0
9/19/23,< 1,1,Hemiptera,Veliidae,Rhagovelia,0,0,0,0,0,0,0,0,0,0,0,0,0,0,0,0,0,0,0,0,0,0,0,0
9/19/23,< 1,1,Trichoptera,Rhyacophilidae,Rhyacophila,0,5,0,0,0,0,0,0,0,0,0,0,0.276159246,0,0,0,0,0,0,0,0,5,53.82131324,0.276159246
9/19/23,< 1,1,Megaloptera,Sialidae,Sialis,0,0,0,0,0,0,0,0,0,0,0,0,0,0,0,0,0,0,0,0,0,0,0,0
9/19/23,< 1,1,Diptera,Simuliidae,Simulium,0,0,0,0,0,0,0,0,0,0,0,0,0,0,0,0,0,0,0,0,0,0,0,0
9/19/23,< 1,1,Gastropoda,Lymnaidae,Stagnicola,0,0,0,0,0,0,0,0,0,0,0,0,0,0,0,0,0,0,0,0,0,0,0,0
9/19/23,< 1,1,Coleoptera,Elmidae,Stenelmis (A),0,0,0,0,0,0,0,0,0,0,0,0,0,0,0,0,0,0,0,0,0,0,0,0
9/19/23,< 1,1,Coleoptera,Elmidae,Stenelmis (L),0,0,0,0,0,0,0,0,0,0,0,0,0,0,0,0,0,0,0,0,0,0,0,0
9/19/23,< 1,1,Ephemeroptera,Heptageniidae,Stenonema,0,0,0,0,0,0,0,0,0,0,0,0,0,0,0,0,0,0,0,0,0,0,0,0
9/19/23,< 1,1,Diptera,Stratiomyidae,Stratiomyidae,0,0,0,0,0,0,0,0,0,0,0,0,0,0,0,0,0,0,0,0,0,0,0,0
9/19/23,< 1,1,Odonata,Gomphidae,Stylogomphus,0,0,0,0,0,0,0,0,0,0,0,0,0,0,0,0,0,0,0,0,0,0,0,0
9/19/23,< 1,1,Plecoptera,Peltoperlidae,Tallaperla,0,0,0,0,0,0,0,0,0,0,0,0,0,0,0,0,0,0,0,0,0,0,0,0
9/19/23,< 1,1,Plecoptera,Taeniopterygidae,Taeniopteryx,0,0,0,0,0,0,0,0,0,0,0,0,0,0,0,0,0,0,0,0,0,0,0,0
9/19/23,< 1,1,Diptera,Tanypodinae,Tanypodinae,0,0,0,0,0,0,0,0,0,0,0,0,0,0,0,0,0,0,0,0,0,0,0,0
9/19/23,< 1,1,Diptera,Chironominae,Tanytarsini,0,0,0,0,0,0,0,0,0,0,0,0,0,0,0,0,0,0,0,0,0,0,0,0
9/19/23,< 1,1,Diptera,Tipulidae,Tipula,0,0,0,0,0,0,0,0,0,0,0,0,0,0,0,0,0,0,0,0,0,0,0,0
9/19/23,< 1,1,Odonata,Aeshnidae,Triacanthagyna,0,0,0,0,0,0,0,0,0,0,0,0,0,0,0,0,0,0,0,0,0,0,0,0
9/19/23,< 1,1,Trichoptera,Philopotamidae,Wormaldia,0,0,0,0,0,0,0,0,0,0,0,0,0,0,0,0,0,0,0,0,0,0,0,0
9/19/23,< 1,1,Odonata,Cordulegastridae,Zoraena,0,0,0,0,0,0,0,0,0,0,0,0,0,0,0,0,0,0,0,0,0,0,0,0
9/19/23,< 1,2,Ephemeroptera,Baetidae,Acentrella,0,0,0,0,0,0,0,0,0,0,0,0,0,0,0,0,0,0,0,0,0,0,0,0
9/19/23,< 1,2,Ephemeroptera,Baetidae,Acerpenna,0,0,0,0,0,0,0,0,0,0,0,0,0,0,0,0,0,0,0,0,0,0,0,0
9/19/23,< 1,2,Plecoptera,Perlidae,Acroneuria,0,0,0,0,0,0,0,0,0,0,0,0,0,0,0,0,0,0,0,0,0,0,0,0
9/19/23,< 1,2,Plecoptera,Adult,Adult,0,0,0,0,0,0,0,0,0,0,0,0,0,0,0,0,0,0,0,0,0,0,0,0
9/19/23,< 1,2,Diptera,Adult,Adult,0,0,0,0,0,0,0,0,0,0,0,0,0,0,0,0,0,0,0,0,0,0,0,0
9/19/23,< 1,2,Plecoptera,Capniidae,Allocapnia,0,0,0,0,0,0,0,0,0,0,0,0,0,0,0,0,0,0,0,0,0,0,0,0
9/19/23,< 1,2,Diptera,Stratiomyidae,Allognasta,0,0,0,0,0,0,0,0,0,0,0,0,0,0,0,0,0,0,0,0,0,0,0,0
9/19/23,< 1,2,Plecoptera,Chloroperlidae,Alloperla,0,0,0,0,0,0,0,0,0,0,0,0,0,0,0,0,0,0,0,0,0,0,0,0
9/19/23,< 1,2,Ephemeroptera,Ameletidae,Ameletus,0,0,0,0,0,0,0,0,0,0,0,0,0,0,0,0,0,0,0,0,0,0,0,0
9/19/23,< 1,2,Plecoptera,Nemouridae,Amphinemura,0,0,0,0,0,0,0,0,0,0,0,0,0,0,0,0,0,0,0,0,0,0,0,0
9/19/23,< 1,2,Diptera,Limoniidae,Antocha,0,0,0,0,0,0,0,0,0,0,0,0,0,0,0,0,0,0,0,0,0,0,0,0
9/19/23,< 1,2,Diptera,Athericidae,Atherix,0,0,0,0,0,0,0,0,0,0,0,0,0,0,0,0,0,0,0,0,0,0,0,0
9/19/23,< 1,2,Ephemeroptera,Ephemerellidae,Attenella,0,0,0,0,0,0,0,0,0,0,0,0,0,0,0,0,0,0,0,0,0,0,0,0
9/19/23,< 1,2,Ephemeroptera,Baetidae,Baetis,0,0,0,0,0,0,0,0,0,0,0,0,0,0,0,0,0,0,0,0,0,0,0,0
9/19/23,< 1,2,Ephemeroptera,Baetidae,Baetidae,0,0,0,0,0,0,0,0,0,0,0,0,0,0,0,0,0,0,0,0,0,0,0,0
9/19/23,< 1,2,Ephemeroptera,Baetiscidae,Baetisca,0,0,0,0,0,0,0,0,0,0,0,0,0,0,0,0,0,0,0,0,0,0,0,0
9/19/23,< 1,2,Odonata,Aeshnidae,Boyeria,0,0,0,0,0,0,0,0,0,0,0,0,0,0,0,0,0,0,0,0,0,0,0,0
9/19/23,< 1,2,Odonata,Calopterygidae,Calopteryx,0,0,0,0,0,0,0,0,0,0,0,0,0,0,0,0,0,0,0,0,0,0,0,0
9/19/23,< 1,2,Plecoptera,Capniidae,Capniidae,0,0,0,0,0,0,0,0,0,0,0,0,0,0,0,0,0,0,0,0,0,0,0,0
9/19/23,< 1,2,Trichoptera,Polycentropodidae,Cernotina,0,0,0,0,0,0,0,0,0,0,0,0,0,0,0,0,0,0,0,0,0,0,0,0
9/19/23,< 1,2,Megaloptera,Corydalidae,Chauloides,0,0,0,0,0,0,0,0,0,0,0,0,0,0,0,0,0,0,0,0,0,0,0,0
9/19/23,< 1,2,Diptera,Empididae,Chelifera,0,0,0,0,0,0,0,0,0,0,0,0,0,0,0,0,0,0,0,0,0,0,0,0
9/19/23,< 1,2,Trichoptera,Hydropsychidae,Cheumatopsyche,0,0,0,0,0,0,0,0,0,0,0,0,0,0,0,0,0,0,0,0,0,0,0,0
9/19/23,< 1,2,Trichoptera,Philopotamidae,Chimarra,0,0,0,0,0,0,0,0,0,0,0,0,0,0,0,0,0,0,0,0,0,0,0,0
9/19/23,< 1,2,Diptera,Chironomidae,Chironomidae,0,0,0,0,0,0,0,0,0,0,0,0,0,0,0,0,0,0,0,0,0,0,0,0
9/19/23,< 1,2,Diptera,Chironomidae,Chironomini,0,0,0,0,0,0,0,0,0,0,0,0,0,0,0,0,0,0,0,0,0,0,0,0
9/19/23,< 1,2,Coleoptera,Circulionidae,Circulionidae,0,0,0,0,0,0,0,0,0,0,0,0,0,0,0,0,0,0,0,0,0,0,0,0
9/19/23,< 1,2,Hexapoda,Collembola,Collembola,0,0,0,0,0,0,0,0,0,0,0,0,0,0,0,0,0,0,0,0,0,0,0,0
9/19/23,< 1,2,Trichoptera,Polycentropodidae,Cyrnellus,0,0,0,0,0,0,0,0,0,0,0,0,0,0,0,0,0,0,0,0,0,0,0,0
9/19/23,< 1,2,Diptera,Pediciidae,Dicranota,0,0,0,0,0,0,0,0,0,0,0,0,0,0,0,0,0,0,0,0,0,0,0,0
9/19/23,< 1,2,Trichoptera,Hydropsychidae,Diplectrona,0,0,0,2,0,0,0,0,0,0,0,0,0,0,0.370359299,0,0,0,0,0,0,2,21.5285253,0.370359299
9/19/23,< 1,2,Diptera,Ephydridae,Discocerina,0,0,0,0,0,0,0,0,0,0,0,0,0,0,0,0,0,0,0,0,0,0,0,0
9/19/23,< 1,2,Diptera,Dixidae,Dixa,0,0,0,0,0,0,0,0,0,0,0,0,0,0,0,0,0,0,0,0,0,0,0,0
9/19/23,< 1,2,Diptera,Dixidae,Dixella,0,0,0,0,0,0,0,0,0,0,0,0,0,0,0,0,0,0,0,0,0,0,0,0
9/19/23,< 1,2,Trichoptera,Philopotamidae,Dolophilodes,0,0,0,0,0,0,0,0,0,0,0,0,0,0,0,0,0,0,0,0,0,0,0,0
9/19/23,< 1,2,Coleoptera,Psephenidae,Ectopria,0,0,0,0,0,0,0,0,0,0,0,0,0,0,0,0,0,0,0,0,0,0,0,0
9/19/23,< 1,2,Diptera,Tipulidae,Eloeophila,0,0,0,0,0,0,0,0,0,0,0,0,0,0,0,0,0,0,0,0,0,0,0,0
9/19/23,< 1,2,Ephemeroptera,Ephemeridae,Ephemera,0,0,0,0,0,0,0,0,0,0,0,0,0,0,0,0,0,0,0,0,0,0,0,0
9/19/23,< 1,2,Ephemeroptera,Heptageniidae,Epeorus,0,0,0,0,0,0,0,0,0,0,0,0,0,0,0,0,0,0,0,0,0,0,0,0
9/19/23,< 1,2,Diptera,Eriopterini,Eriopterini,0,0,0,0,0,0,0,0,0,0,0,0,0,0,0,0,0,0,0,0,0,0,0,0
9/19/23,< 1,2,Ephemeroptera,Ephemerellidae,Eurylophella,0,0,0,0,0,0,0,0,0,0,0,0,0,0,0,0,0,0,0,0,0,0,0,0
9/19/23,< 1,2,Hemiptera,Gerridae,Gerris,0,0,0,0,0,0,0,0,0,0,0,0,0,0,0,0,0,0,0,0,0,0,0,0
9/19/23,< 1,2,Trichoptera,Glossosomatidae,Glossosoma,0,0,0,0,0,0,0,0,0,0,0,0,0,0,0,0,0,0,0,0,0,0,0,0
9/19/23,< 1,2,Trichoptera,Goeridae,Goera,0,0,0,0,0,0,0,0,0,0,0,0,0,0,0,0,0,0,0,0,0,0,0,0
9/19/23,< 1,2,Odonata,Gomphidae,Gomphurus,0,0,0,0,0,0,0,0,0,0,0,0,0,0,0,0,0,0,0,0,0,0,0,0
9/19/23,< 1,2,Coleoptera,Gyrinidae,Gyrinus,0,0,0,0,0,0,0,0,0,0,0,0,0,0,0,0,0,0,0,0,0,0,0,0
9/19/23,< 1,2,Ephemeroptera,Heptageniidae,Heptageniidae,0,0,0,0,0,0,0,0,0,0,0,0,0,0,0,0,0,0,0,0,0,0,0,0
9/19/23,< 1,2,Odonata,Calopterygidae,Hetaerina,0,0,0,0,0,0,0,0,0,0,0,0,0,0,0,0,0,0,0,0,0,0,0,0
9/19/23,< 1,2,Diptera,Limoniidae,Hexatoma,0,0,0,0,0,0,0,0,0,0,0,0,0,0,0,0,0,0,0,0,0,0,0,0
9/19/23,< 1,2,Trombidiformes,Hydrachnidia,Hydrachnia,0,0,0,0,0,0,0,0,0,0,0,0,0,0,0,0,0,0,0,0,0,0,0,0
9/19/23,< 1,2,Trichoptera,Limnephilidae,Hydratophylax,0,0,0,0,0,0,0,0,0,0,0,0,0,0,0,0,0,0,0,0,0,0,0,0
9/19/23,< 1,2,Trichoptera,Hydropsychidae,Hydropsyche,0,0,0,0,0,0,0,0,0,0,0,0,0,0,0,0,0,0,0,0,0,0,0,0
9/19/23,< 1,2,Ephemeroptera,Isonychiidae,Isonychia,0,0,0,0,0,0,0,0,0,0,0,0,0,0,0,0,0,0,0,0,0,0,0,0
9/19/23,< 1,2,Plecoptera,Perlodidae,Isoperla,0,0,0,0,0,0,0,0,0,0,0,0,0,0,0,0,0,0,0,0,0,0,0,0
9/19/23,< 1,2,Lepidoptera,Crambidae,Langessa,0,0,0,0,0,0,0,0,0,0,0,0,0,0,0,0,0,0,0,0,0,0,0,0
9/19/23,< 1,2,Odonata,Gomphidae,Lanthus,0,0,0,0,0,0,0,0,0,0,0,0,0,0,0,0,0,0,0,0,0,0,0,0
9/19/23,< 1,2,Ephemeroptera,Leptophlebiidae,Leptophlebiidae,0,0,0,0,0,0,0,0,0,0,0,0,0,0,0,0,0,0,0,0,0,0,0,0
9/19/23,< 1,2,Trichoptera,Lepidostomatidae,Lepidostoma,0,0,0,0,0,0,0,0,0,0,0,0,0,0,0,0,0,0,0,0,0,0,0,0
9/19/23,< 1,2,Plecoptera,Leuctridae,Leuctra,0,0,0,0,0,0,0,0,0,0,0,0,0,0,0,0,0,0,0,0,0,0,0,0
9/19/23,< 1,2,Plecoptera,Leuctridae,Leuctridae,0,0,0,0,0,0,0,0,0,0,0,0,0,0,0,0,0,0,0,0,0,0,0,0
9/19/23,< 1,2,Trichoptera,Limnephilidae,Limnephilidae,0,0,0,0,0,0,0,0,0,0,0,0,0,0,0,0,0,0,0,0,0,0,0,0
9/19/23,< 1,2,Diptera,Limoniidae,Limnophila,0,0,0,0,0,0,0,0,0,0,0,0,0,0,0,0,0,0,0,0,0,0,0,0
9/19/23,< 1,2,Diptera,Limoniidae,Limoniidae,0,0,0,0,0,0,0,0,0,0,0,0,0,0,0,0,0,0,0,0,0,0,0,0
9/19/23,< 1,2,Diptera,Psychomyiidae,Lypodiversa,0,0,0,0,0,0,0,0,0,0,0,0,0,0,0,0,0,0,0,0,0,0,0,0
9/19/23,< 1,2,Trichoptera,Brachycentridae,Micrasema,0,0,0,0,0,0,0,0,0,0,0,0,0,0,0,0,0,0,0,0,0,0,0,0
9/19/23,< 1,2,Hemiptera,Veliidae,Microvelia,0,0,0,0,0,0,0,0,0,0,0,0,0,0,0,0,0,0,0,0,0,0,0,0
9/19/23,< 1,2,Diptera,Limoniidae,Molophilus,0,0,0,0,0,0,0,0,0,0,0,0,0,0,0,0,0,0,0,0,0,0,0,0
9/19/23,< 1,2,Ephemeroptera,Baetidae,Neocleon,0,0,0,0,0,0,0,0,0,0,0,0,0,0,0,0,0,0,0,0,0,0,0,0
9/19/23,< 1,2,Trichoptera,Thremmatidae,Neophylax,0,0,0,0,0,0,0,0,0,0,0,0,0,0,0,0,0,0,0,0,0,0,0,0
9/19/23,< 1,2,Diptera,Empididae,Neoplasta,0,0,0,0,0,0,0,0,0,0,0,0,0,0,0,0,0,0,0,0,0,0,0,0
9/19/23,< 1,2,Megaloptera,Corydalidae,Nigronia,0,0,0,0,0,0,0,0,0,0,0,0,0,0,0,0,0,0,0,0,0,0,0,0
9/19/23,< 1,2,Coleoptera,Elmidae,Optioservus(A),0,0,1,0,0,0,0,0,0,0,0,0,0,0.45238,0,0,0,0,0,0,0,1,10.76426265,0.45238
9/19/23,< 1,2,Coleoptera,Elmidae,Optioservus(L),0,105,84,11,0,0,0,0,0,0,0,0,3.186417608,8.464919006,2.597495875,0,0,0,0,0,0,200,2152.85253,14.24883249
9/19/23,< 1,2,Diptera,Empididae,Oreogeton,0,0,0,0,0,0,0,0,0,0,0,0,0,0,0,0,0,0,0,0,0,0,0,0
9/19/23,< 1,2,Diptera,Chironominae,Orthocladine,0,2,3,0,0,0,0,0,0,0,0,0,0.019080142,0.071380989,0,0,0,0,0,0,0,5,53.82131324,0.090461131
9/19/23,< 1,2,Coleoptera,Elmidae,Oulimnius(A),0,0,0,0,0,0,0,0,0,0,0,0,0,0,0,0,0,0,0,0,0,0,0,0
9/19/23,< 1,2,Coleoptera,Elmidae,Oulimnius(L),3,12,0,0,0,0,0,0,0,0,0,0.0414,0.973042401,0,0,0,0,0,0,0,0,15,161.4639397,1.014442401
9/19/23,< 1,2,Plecoptera,Capniidae,Paracapnia,0,0,0,0,0,0,0,0,0,0,0,0,0,0,0,0,0,0,0,0,0,0,0,0
9/19/23,< 1,2,Ephemeroptera,Leptophlebiidae,Paraleptophlebiidae,0,0,0,0,0,0,0,0,0,0,0,0,0,0,0,0,0,0,0,0,0,0,0,0
9/19/23,< 1,2,Trichoptera,Polycentropodidae,Polycentropodidae,0,0,0,0,0,0,0,0,0,0,0,0,0,0,0,0,0,0,0,0,0,0,0,0
9/19/23,< 1,2,Trichoptera,Polycentropodidae,Polycentropus,0,0,0,0,0,0,0,0,0,0,0,0,0,0,0,0,0,0,0,0,0,0,0,0
9/19/23,< 1,2,Diptera,Ceratopogonidae,Probezzia,0,0,0,0,0,0,0,0,0,0,0,0,0,0,0,0,0,0,0,0,0,0,0,0
9/19/23,< 1,2,Coleoptera,Dytiscidae,Prodaticus,0,0,0,0,0,0,0,0,0,0,0,0,0,0,0,0,0,0,0,0,0,0,0,0
9/19/23,< 1,2,Diptera,Simuliidae,Prosimulium,0,0,0,0,0,0,0,0,0,0,0,0,0,0,0,0,0,0,0,0,0,0,0,0
9/19/23,< 1,2,Plecoptera,Nemouridae,Prostoia,0,0,0,0,0,0,0,0,0,0,0,0,0,0,0,0,0,0,0,0,0,0,0,0
9/19/23,< 1,2,Coleoptera,Psephenidae,Psephenus,0,1,0,0,0,0,0,0,0,0,0,0,0.056801552,0,0,0,0,0,0,0,0,1,10.76426265,0.056801552
9/19/23,< 1,2,Diptera,Tipulidae,Pseudolimnophila,0,0,0,0,0,0,0,0,0,0,0,0,0,0,0,0,0,0,0,0,0,0,0,0
9/19/23,< 1,2,Plecoptera,Pteronarcyidae,Pteronarcys,0,0,0,0,0,0,0,0,0,0,0,0,0,0,0,0,0,0,0,0,0,0,0,0
9/19/23,< 1,2,Trichoptera,Pupa,Pupa,0,0,0,0,0,0,0,0,0,0,0,0,0,0,0,0,0,0,0,0,0,0,0,0
9/19/23,< 1,2,Diptera,Pupa,Pupa,0,0,0,0,0,0,0,0,0,0,0,0,0,0,0,0,0,0,0,0,0,0,0,0
9/19/23,< 1,2,Diptera,Chironomidae,Pupa,0,0,0,0,0,0,0,0,0,0,0,0,0,0,0,0,0,0,0,0,0,0,0,0
9/19/23,< 1,2,Trichoptera,Limnephilidae,Pycnopsyche,0,0,0,0,0,0,0,0,0,0,0,0,0,0,0,0,0,0,0,0,0,0,0,0
9/19/23,< 1,2,Plecoptera,Perlodidae,Remenus,0,0,0,0,0,0,0,0,0,0,0,0,0,0,0,0,0,0,0,0,0,0,0,0
9/19/23,< 1,2,Hemiptera,Veliidae,Rhagovelia,0,0,0,0,0,0,0,0,0,0,0,0,0,0,0,0,0,0,0,0,0,0,0,0
9/19/23,< 1,2,Trichoptera,Rhyacophilidae,Rhyacophila,0,2,0,0,0,0,0,0,0,0,0,0,0.110463698,0,0,0,0,0,0,0,0,2,21.5285253,0.110463698
9/19/23,< 1,2,Megaloptera,Sialidae,Sialis,0,0,0,0,0,0,0,0,0,0,0,0,0,0,0,0,0,0,0,0,0,0,0,0
9/19/23,< 1,2,Diptera,Simuliidae,Simulium,0,0,0,0,0,0,0,0,0,0,0,0,0,0,0,0,0,0,0,0,0,0,0,0
9/19/23,< 1,2,Gastropoda,Lymnaidae,Stagnicola,0,0,0,0,0,0,0,0,0,0,0,0,0,0,0,0,0,0,0,0,0,0,0,0
9/19/23,< 1,2,Coleoptera,Elmidae,Stenelmis (A),0,0,0,0,0,0,0,0,0,0,0,0,0,0,0,0,0,0,0,0,0,0,0,0
9/19/23,< 1,2,Coleoptera,Elmidae,Stenelmis (L),0,0,0,0,0,0,0,0,0,0,0,0,0,0,0,0,0,0,0,0,0,0,0,0
9/19/23,< 1,2,Ephemeroptera,Heptageniidae,Stenonema,0,0,0,0,0,0,0,0,0,0,0,0,0,0,0,0,0,0,0,0,0,0,0,0
9/19/23,< 1,2,Diptera,Stratiomyidae,Stratiomyidae,0,0,0,0,0,0,0,0,0,0,0,0,0,0,0,0,0,0,0,0,0,0,0,0
9/19/23,< 1,2,Odonata,Gomphidae,Stylogomphus,0,0,0,0,0,0,0,0,0,0,0,0,0,0,0,0,0,0,0,0,0,0,0,0
9/19/23,< 1,2,Plecoptera,Peltoperlidae,Tallaperla,0,0,0,0,0,0,0,0,0,0,0,0,0,0,0,0,0,0,0,0,0,0,0,0
9/19/23,< 1,2,Plecoptera,Taeniopterygidae,Taeniopteryx,0,0,0,0,0,0,0,0,0,0,0,0,0,0,0,0,0,0,0,0,0,0,0,0
9/19/23,< 1,2,Diptera,Tanypodinae,Tanypodinae,0,0,0,0,0,0,0,0,0,0,0,0,0,0,0,0,0,0,0,0,0,0,0,0
9/19/23,< 1,2,Diptera,Chironominae,Tanytarsini,0,0,0,0,0,0,0,0,0,0,0,0,0,0,0,0,0,0,0,0,0,0,0,0
9/19/23,< 1,2,Diptera,Tipulidae,Tipula,0,0,0,0,0,0,0,0,0,0,0,0,0,0,0,0,0,0,0,0,0,0,0,0
9/19/23,< 1,2,Odonata,Aeshnidae,Triacanthagyna,0,0,0,0,0,0,0,0,0,0,0,0,0,0,0,0,0,0,0,0,0,0,0,0
9/19/23,< 1,2,Trichoptera,Philopotamidae,Wormaldia,0,0,0,0,0,0,0,0,0,0,0,0,0,0,0,0,0,0,0,0,0,0,0,0
9/19/23,< 1,2,Odonata,Cordulegastridae,Zoraena,0,0,0,0,0,0,0,0,0,0,0,0,0,0,0,0,0,0,0,0,0,0,0,0
9/19/23,< 1,3,Ephemeroptera,Baetidae,Acentrella,0,0,0,0,0,0,0,0,0,0,0,0,0,0,0,0,0,0,0,0,0,0,0,0
9/19/23,< 1,3,Ephemeroptera,Baetidae,Acerpenna,0,0,0,0,0,0,0,0,0,0,0,0,0,0,0,0,0,0,0,0,0,0,0,0
9/19/23,< 1,3,Plecoptera,Perlidae,Acroneuria,0,0,0,0,0,0,0,0,0,0,0,0,0,0,0,0,0,0,0,0,0,0,0,0
9/19/23,< 1,3,Plecoptera,Adult,Adult,0,0,0,0,0,0,0,0,0,0,0,0,0,0,0,0,0,0,0,0,0,0,0,0
9/19/23,< 1,3,Diptera,Adult,Adult,0,0,0,0,0,0,0,0,0,0,0,0,0,0,0,0,0,0,0,0,0,0,0,0
9/19/23,< 1,3,Plecoptera,Capniidae,Allocapnia,0,0,0,0,0,0,0,0,0,0,0,0,0,0,0,0,0,0,0,0,0,0,0,0
9/19/23,< 1,3,Diptera,Stratiomyidae,Allognasta,0,0,0,0,0,0,0,0,0,0,0,0,0,0,0,0,0,0,0,0,0,0,0,0
9/19/23,< 1,3,Plecoptera,Chloroperlidae,Alloperla,0,0,0,0,0,0,0,0,0,0,0,0,0,0,0,0,0,0,0,0,0,0,0,0
9/19/23,< 1,3,Ephemeroptera,Ameletidae,Ameletus,0,0,0,0,0,0,0,0,0,0,0,0,0,0,0,0,0,0,0,0,0,0,0,0
9/19/23,< 1,3,Plecoptera,Nemouridae,Amphinemura,0,0,0,0,0,0,0,0,0,0,0,0,0,0,0,0,0,0,0,0,0,0,0,0
9/19/23,< 1,3,Diptera,Limoniidae,Antocha,0,0,0,0,0,0,0,0,0,0,0,0,0,0,0,0,0,0,0,0,0,0,0,0
9/19/23,< 1,3,Diptera,Athericidae,Atherix,0,0,0,0,0,0,0,0,0,0,0,0,0,0,0,0,0,0,0,0,0,0,0,0
9/19/23,< 1,3,Ephemeroptera,Ephemerellidae,Attenella,0,0,0,0,0,0,0,0,0,0,0,0,0,0,0,0,0,0,0,0,0,0,0,0
9/19/23,< 1,3,Ephemeroptera,Baetidae,Baetis,0,0,0,0,0,0,0,0,0,0,0,0,0,0,0,0,0,0,0,0,0,0,0,0
9/19/23,< 1,3,Ephemeroptera,Baetidae,Baetidae,0,0,0,0,0,0,0,0,0,0,0,0,0,0,0,0,0,0,0,0,0,0,0,0
9/19/23,< 1,3,Ephemeroptera,Baetiscidae,Baetisca,0,0,0,0,0,0,0,0,0,0,0,0,0,0,0,0,0,0,0,0,0,0,0,0
9/19/23,< 1,3,Odonata,Aeshnidae,Boyeria,0,0,0,0,0,0,0,0,0,0,0,0,0,0,0,0,0,0,0,0,0,0,0,0
9/19/23,< 1,3,Odonata,Calopterygidae,Calopteryx,0,0,0,0,0,0,0,0,0,0,0,0,0,0,0,0,0,0,0,0,0,0,0,0
9/19/23,< 1,3,Plecoptera,Capniidae,Capniidae,0,0,0,0,0,0,0,0,0,0,0,0,0,0,0,0,0,0,0,0,0,0,0,0
9/19/23,< 1,3,Trichoptera,Polycentropodidae,Cernotina,0,0,0,0,0,0,0,0,0,0,0,0,0,0,0,0,0,0,0,0,0,0,0,0
9/19/23,< 1,3,Megaloptera,Corydalidae,Chauloides,0,0,0,0,0,0,0,0,0,0,0,0,0,0,0,0,0,0,0,0,0,0,0,0
9/19/23,< 1,3,Diptera,Empididae,Chelifera,0,0,0,0,0,0,0,0,0,0,0,0,0,0,0,0,0,0,0,0,0,0,0,0
9/19/23,< 1,3,Trichoptera,Hydropsychidae,Cheumatopsyche,0,0,0,3,2,0,0,0,0,0,0,0,0,0,0.555538948,0.664549732,0,0,0,0,0,5,53.82131324,1.22008868
9/19/23,< 1,3,Trichoptera,Philopotamidae,Chimarra,0,0,0,0,0,0,0,0,0,0,0,0,0,0,0,0,0,0,0,0,0,0,0,0
9/19/23,< 1,3,Diptera,Chironomidae,Chironomidae,0,0,0,0,0,0,0,0,0,0,0,0,0,0,0,0,0,0,0,0,0,0,0,0
9/19/23,< 1,3,Diptera,Chironomidae,Chironomini,0,0,0,0,0,0,0,0,0,0,0,0,0,0,0,0,0,0,0,0,0,0,0,0
9/19/23,< 1,3,Coleoptera,Circulionidae,Circulionidae,0,0,0,0,0,0,0,0,0,0,0,0,0,0,0,0,0,0,0,0,0,0,0,0
9/19/23,< 1,3,Hexapoda,Collembola,Collembola,0,0,0,0,0,0,0,0,0,0,0,0,0,0,0,0,0,0,0,0,0,0,0,0
9/19/23,< 1,3,Trichoptera,Polycentropodidae,Cyrnellus,0,0,0,0,0,0,0,0,0,0,0,0,0,0,0,0,0,0,0,0,0,0,0,0
9/19/23,< 1,3,Diptera,Pediciidae,Dicranota,0,0,0,0,0,0,0,0,0,0,0,0,0,0,0,0,0,0,0,0,0,0,0,0
9/19/23,< 1,3,Trichoptera,Hydropsychidae,Diplectrona,0,4,9,9,1,2,0,0,0,0,0,0,0.120491014,0.784325395,1.666616844,0.332274866,1.071475763,0,0,0,0,25,269.1065662,3.975183882
9/19/23,< 1,3,Diptera,Ephydridae,Discocerina,0,0,0,0,0,0,0,0,0,0,0,0,0,0,0,0,0,0,0,0,0,0,0,0
9/19/23,< 1,3,Diptera,Dixidae,Dixa,0,0,0,0,0,0,0,0,0,0,0,0,0,0,0,0,0,0,0,0,0,0,0,0
9/19/23,< 1,3,Diptera,Dixidae,Dixella,0,0,0,0,0,0,0,0,0,0,0,0,0,0,0,0,0,0,0,0,0,0,0,0
9/19/23,< 1,3,Trichoptera,Philopotamidae,Dolophilodes,0,0,0,0,0,0,0,0,0,0,0,0,0,0,0,0,0,0,0,0,0,0,0,0
9/19/23,< 1,3,Coleoptera,Psephenidae,Ectopria,0,0,0,0,0,0,0,0,0,0,0,0,0,0,0,0,0,0,0,0,0,0,0,0
9/19/23,< 1,3,Diptera,Tipulidae,Eloeophila,0,0,0,0,0,0,0,0,0,0,0,0,0,0,0,0,0,0,0,0,0,0,0,0
9/19/23,< 1,3,Ephemeroptera,Ephemeridae,Ephemera,0,0,0,0,0,0,0,0,0,0,0,0,0,0,0,0,0,0,0,0,0,0,0,0
9/19/23,< 1,3,Ephemeroptera,Heptageniidae,Epeorus,0,0,0,0,0,0,0,0,0,0,0,0,0,0,0,0,0,0,0,0,0,0,0,0
9/19/23,< 1,3,Diptera,Eriopterini,Eriopterini,0,0,0,0,0,0,0,0,0,0,0,0,0,0,0,0,0,0,0,0,0,0,0,0
9/19/23,< 1,3,Ephemeroptera,Ephemerellidae,Eurylophella,0,0,0,0,0,0,0,0,0,0,0,0,0,0,0,0,0,0,0,0,0,0,0,0
9/19/23,< 1,3,Hemiptera,Gerridae,Gerris,0,0,0,0,0,0,0,0,0,0,0,0,0,0,0,0,0,0,0,0,0,0,0,0
9/19/23,< 1,3,Trichoptera,Glossosomatidae,Glossosoma,0,0,0,0,0,0,0,0,0,0,0,0,0,0,0,0,0,0,0,0,0,0,0,0
9/19/23,< 1,3,Trichoptera,Goeridae,Goera,0,0,0,0,0,0,0,0,0,0,0,0,0,0,0,0,0,0,0,0,0,0,0,0
9/19/23,< 1,3,Odonata,Gomphidae,Gomphurus,0,0,0,0,0,0,0,0,0,0,0,0,0,0,0,0,0,0,0,0,0,0,0,0
9/19/23,< 1,3,Coleoptera,Gyrinidae,Gyrinus,0,0,0,0,0,0,0,0,0,0,0,0,0,0,0,0,0,0,0,0,0,0,0,0
9/19/23,< 1,3,Ephemeroptera,Heptageniidae,Heptageniidae,0,0,0,0,0,0,0,0,0,0,0,0,0,0,0,0,0,0,0,0,0,0,0,0
9/19/23,< 1,3,Odonata,Calopterygidae,Hetaerina,0,0,0,0,0,0,0,0,0,0,0,0,0,0,0,0,0,0,0,0,0,0,0,0
9/19/23,< 1,3,Diptera,Limoniidae,Hexatoma,0,0,0,0,0,0,0,0,0,0,0,0,0,0,0,0,0,0,0,0,0,0,0,0
9/19/23,< 1,3,Trombidiformes,Hydrachnidia,Hydrachnia,4,0,0,0,0,0,0,0,0,0,0,0,0,0,0,0,0,0,0,0,0,4,43.05705059,0
9/19/23,< 1,3,Trichoptera,Limnephilidae,Hydratophylax,0,0,0,0,0,0,0,0,0,0,0,0,0,0,0,0,0,0,0,0,0,0,0,0
9/19/23,< 1,3,Trichoptera,Hydropsychidae,Hydropsyche,0,0,0,4,2,1,0,0,0,0,0,0,0,0,1.022933927,0.96048694,0.803654364,0,0,0,0,7,75.34983854,2.787075231
9/19/23,< 1,3,Ephemeroptera,Isonychiidae,Isonychia,0,0,0,0,0,0,0,0,0,0,0,0,0,0,0,0,0,0,0,0,0,0,0,0
9/19/23,< 1,3,Plecoptera,Perlodidae,Isoperla,0,0,0,0,0,0,0,0,0,0,0,0,0,0,0,0,0,0,0,0,0,0,0,0
9/19/23,< 1,3,Lepidoptera,Crambidae,Langessa,0,0,0,0,0,0,0,0,0,0,0,0,0,0,0,0,0,0,0,0,0,0,0,0
9/19/23,< 1,3,Odonata,Gomphidae,Lanthus,0,0,0,0,0,0,0,0,0,0,0,0,0,0,0,0,0,0,0,0,0,0,0,0
9/19/23,< 1,3,Ephemeroptera,Leptophlebiidae,Leptophlebiidae,0,0,0,0,0,0,0,0,0,0,0,0,0,0,0,0,0,0,0,0,0,0,0,0
9/19/23,< 1,3,Trichoptera,Lepidostomatidae,Lepidostoma,0,0,0,0,0,0,0,0,0,0,0,0,0,0,0,0,0,0,0,0,0,0,0,0
9/19/23,< 1,3,Plecoptera,Leuctridae,Leuctra,0,2,8,7,4,2,0,0,0,0,0,0,0.038826305,0.462994575,0.879364464,0.91665611,0.749015352,0,0,0,0,23,247.5780409,3.046856805
9/19/23,< 1,3,Plecoptera,Leuctridae,Leuctridae,0,0,0,0,0,0,0,0,0,0,0,0,0,0,0,0,0,0,0,0,0,0,0,0
9/19/23,< 1,3,Trichoptera,Limnephilidae,Limnephilidae,0,0,0,0,0,0,0,0,0,0,0,0,0,0,0,0,0,0,0,0,0,0,0,0
9/19/23,< 1,3,Diptera,Limoniidae,Limnophila,0,0,0,0,0,0,0,0,0,0,0,0,0,0,0,0,0,0,0,0,0,0,0,0
9/19/23,< 1,3,Diptera,Limoniidae,Limoniidae,0,0,0,0,0,0,0,0,0,0,0,0,0,0,0,0,0,0,0,0,0,0,0,0
9/19/23,< 1,3,Diptera,Psychomyiidae,Lypodiversa,0,0,0,0,0,0,0,0,0,0,0,0,0,0,0,0,0,0,0,0,0,0,0,0
9/19/23,< 1,3,Trichoptera,Brachycentridae,Micrasema,0,0,0,0,0,0,0,0,0,0,0,0,0,0,0,0,0,0,0,0,0,0,0,0
9/19/23,< 1,3,Hemiptera,Veliidae,Microvelia,0,0,1,0,0,0,0,0,0,0,0,0,0,0.175405746,0,0,0,0,0,0,0,1,10.76426265,0.175405746
9/19/23,< 1,3,Diptera,Limoniidae,Molophilus,0,0,0,0,0,0,0,0,0,0,0,0,0,0,0,0,0,0,0,0,0,0,0,0
9/19/23,< 1,3,Ephemeroptera,Baetidae,Neocleon,0,0,0,0,0,0,0,0,0,0,0,0,0,0,0,0,0,0,0,0,0,0,0,0
9/19/23,< 1,3,Trichoptera,Thremmatidae,Neophylax,0,0,0,0,0,0,0,0,0,0,0,0,0,0,0,0,0,0,0,0,0,0,0,0
9/19/23,< 1,3,Diptera,Empididae,Neoplasta,0,0,0,0,0,0,0,0,0,0,0,0,0,0,0,0,0,0,0,0,0,0,0,0
9/19/23,< 1,3,Megaloptera,Corydalidae,Nigronia,0,0,0,0,0,0,0,0,0,0,0,0,0,0,0,0,0,0,0,0,0,0,0,0
9/19/23,< 1,3,Coleoptera,Elmidae,Optioservus(A),0,6,0,0,0,0,0,0,0,0,0,0,2.71428,0,0,0,0,0,0,0,0,6,64.58557589,2.71428
9/19/23,< 1,3,Coleoptera,Elmidae,Optioservus(L),0,19,4,1,0,0,0,0,0,0,0,0,0.576589853,0.403091381,0.236135989,0,0,0,0,0,0,24,258.3423036,1.215817223
9/19/23,< 1,3,Diptera,Empididae,Oreogeton,0,0,0,0,0,0,0,0,0,0,0,0,0,0,0,0,0,0,0,0,0,0,0,0
9/19/23,< 1,3,Diptera,Chironominae,Orthocladine,0,2,0,0,0,0,0,0,0,0,0,0,0.019080142,0,0,0,0,0,0,0,0,2,21.5285253,0.019080142
9/19/23,< 1,3,Coleoptera,Elmidae,Oulimnius(A),0,0,0,0,0,0,0,0,0,0,0,0,0,0,0,0,0,0,0,0,0,0,0,0
9/19/23,< 1,3,Coleoptera,Elmidae,Oulimnius(L),0,0,0,0,0,0,0,0,0,0,0,0,0,0,0,0,0,0,0,0,0,0,0,0
9/19/23,< 1,3,Plecoptera,Capniidae,Paracapnia,0,0,0,0,0,0,0,0,0,0,0,0,0,0,0,0,0,0,0,0,0,0,0,0
9/19/23,< 1,3,Ephemeroptera,Leptophlebiidae,Paraleptophlebiidae,0,0,0,0,0,0,0,0,0,0,0,0,0,0,0,0,0,0,0,0,0,0,0,0
9/19/23,< 1,3,Trichoptera,Polycentropodidae,Polycentropodidae,0,0,0,0,0,0,0,0,0,0,0,0,0,0,0,0,0,0,0,0,0,0,0,0
9/19/23,< 1,3,Trichoptera,Polycentropodidae,Polycentropus,0,0,0,0,0,0,0,0,0,0,0,0,0,0,0,0,0,0,0,0,0,0,0,0
9/19/23,< 1,3,Diptera,Ceratopogonidae,Probezzia,0,0,0,0,0,0,0,0,0,0,0,0,0,0,0,0,0,0,0,0,0,0,0,0
9/19/23,< 1,3,Coleoptera,Dytiscidae,Prodaticus,0,0,0,0,0,0,0,0,0,0,0,0,0,0,0,0,0,0,0,0,0,0,0,0
9/19/23,< 1,3,Diptera,Simuliidae,Prosimulium,0,0,0,0,0,0,0,0,0,0,0,0,0,0,0,0,0,0,0,0,0,0,0,0
9/19/23,< 1,3,Plecoptera,Nemouridae,Prostoia,0,0,0,0,0,0,0,0,0,0,0,0,0,0,0,0,0,0,0,0,0,0,0,0
9/19/23,< 1,3,Coleoptera,Psephenidae,Psephenus,0,0,0,0,0,0,0,0,0,0,0,0,0,0,0,0,0,0,0,0,0,0,0,0
9/19/23,< 1,3,Diptera,Tipulidae,Pseudolimnophila,0,0,0,0,0,0,0,0,0,0,0,0,0,0,0,0,0,0,0,0,0,0,0,0
9/19/23,< 1,3,Plecoptera,Pteronarcyidae,Pteronarcys,0,0,0,0,0,0,0,0,0,0,0,0,0,0,0,0,0,0,0,0,0,0,0,0
9/19/23,< 1,3,Trichoptera,Pupa,Pupa,0,0,0,0,0,0,0,0,0,0,0,0,0,0,0,0,0,0,0,0,0,0,0,0
9/19/23,< 1,3,Diptera,Pupa,Pupa,0,0,0,0,0,0,0,0,0,0,0,0,0,0,0,0,0,0,0,0,0,0,0,0
9/19/23,< 1,3,Diptera,Chironomidae,Pupa,0,0,0,0,0,0,0,0,0,0,0,0,0,0,0,0,0,0,0,0,0,0,0,0
9/19/23,< 1,3,Trichoptera,Limnephilidae,Pycnopsyche,0,0,0,0,0,0,0,0,0,0,0,0,0,0,0,0,0,0,0,0,0,0,0,0
9/19/23,< 1,3,Plecoptera,Perlodidae,Remenus,0,0,0,0,0,0,0,0,0,0,0,0,0,0,0,0,0,0,0,0,0,0,0,0
9/19/23,< 1,3,Hemiptera,Veliidae,Rhagovelia,0,3,7,5,0,0,0,0,0,0,0,0,0.170670965,1.227840224,1.949704045,0,0,0,0,0,0,15,161.4639397,3.348215234
9/19/23,< 1,3,Trichoptera,Rhyacophilidae,Rhyacophila,0,0,0,0,0,0,0,0,0,0,0,0,0,0,0,0,0,0,0,0,0,0,0,0
9/19/23,< 1,3,Megaloptera,Sialidae,Sialis,0,0,0,0,0,0,0,0,0,0,0,0,0,0,0,0,0,0,0,0,0,0,0,0
9/19/23,< 1,3,Diptera,Simuliidae,Simulium,0,0,0,0,0,0,0,0,0,0,0,0,0,0,0,0,0,0,0,0,0,0,0,0
9/19/23,< 1,3,Gastropoda,Lymnaidae,Stagnicola,0,0,0,0,0,0,0,0,0,0,0,0,0,0,0,0,0,0,0,0,0,0,0,0
9/19/23,< 1,3,Coleoptera,Elmidae,Stenelmis (A),0,0,0,0,0,0,0,0,0,0,0,0,0,0,0,0,0,0,0,0,0,0,0,0
9/19/23,< 1,3,Coleoptera,Elmidae,Stenelmis (L),0,0,0,0,0,0,0,0,0,0,0,0,0,0,0,0,0,0,0,0,0,0,0,0
9/19/23,< 1,3,Ephemeroptera,Heptageniidae,Stenonema,0,0,0,0,0,0,0,0,0,0,0,0,0,0,0,0,0,0,0,0,0,0,0,0
9/19/23,< 1,3,Diptera,Stratiomyidae,Stratiomyidae,0,0,0,0,0,0,0,0,0,0,0,0,0,0,0,0,0,0,0,0,0,0,0,0
9/19/23,< 1,3,Odonata,Gomphidae,Stylogomphus,0,3,0,0,0,0,0,0,0,0,0,0,0.216458591,0,0,0,0,0,0,0,0,3,32.29278794,0.216458591
9/19/23,< 1,3,Plecoptera,Peltoperlidae,Tallaperla,0,0,0,0,0,0,0,0,0,0,0,0,0,0,0,0,0,0,0,0,0,0,0,0
9/19/23,< 1,3,Plecoptera,Taeniopterygidae,Taeniopteryx,0,0,0,0,0,0,0,0,0,0,0,0,0,0,0,0,0,0,0,0,0,0,0,0
9/19/23,< 1,3,Diptera,Tanypodinae,Tanypodinae,0,0,0,0,0,0,0,0,0,0,0,0,0,0,0,0,0,0,0,0,0,0,0,0
9/19/23,< 1,3,Diptera,Chironominae,Tanytarsini,0,0,0,0,0,0,0,0,0,0,0,0,0,0,0,0,0,0,0,0,0,0,0,0
9/19/23,< 1,3,Diptera,Tipulidae,Tipula,0,0,0,0,0,0,0,0,0,0,0,0,0,0,0,0,0,0,0,0,0,0,0,0
9/19/23,< 1,3,Odonata,Aeshnidae,Triacanthagyna,0,0,0,0,0,0,0,0,0,0,0,0,0,0,0,0,0,0,0,0,0,0,0,0
9/19/23,< 1,3,Trichoptera,Philopotamidae,Wormaldia,0,0,0,0,0,0,0,0,0,0,0,0,0,0,0,0,0,0,0,0,0,0,0,0
9/19/23,< 1,3,Odonata,Cordulegastridae,Zoraena,0,0,0,0,0,0,0,0,0,0,0,0,0,0,0,0,0,0,0,0,0,0,0,0
9/19/23,< 1,4,Ephemeroptera,Baetidae,Acentrella,0,0,0,0,0,0,0,0,0,0,0,0,0,0,0,0,0,0,0,0,0,0,0,0
9/19/23,< 1,4,Ephemeroptera,Baetidae,Acerpenna,0,0,0,0,0,0,0,0,0,0,0,0,0,0,0,0,0,0,0,0,0,0,0,0
9/19/23,< 1,4,Plecoptera,Perlidae,Acroneuria,0,0,0,0,0,0,0,0,0,0,0,0,0,0,0,0,0,0,0,0,0,0,0,0
9/19/23,< 1,4,Plecoptera,Adult,Adult,0,0,0,0,0,0,0,0,0,0,0,0,0,0,0,0,0,0,0,0,0,0,0,0
9/19/23,< 1,4,Diptera,Adult,Adult,0,0,0,0,0,0,0,0,0,0,0,0,0,0,0,0,0,0,0,0,0,0,0,0
9/19/23,< 1,4,Plecoptera,Capniidae,Allocapnia,0,0,0,0,0,0,0,0,0,0,0,0,0,0,0,0,0,0,0,0,0,0,0,0
9/19/23,< 1,4,Diptera,Stratiomyidae,Allognasta,0,0,0,0,0,0,0,0,0,0,0,0,0,0,0,0,0,0,0,0,0,0,0,0
9/19/23,< 1,4,Plecoptera,Chloroperlidae,Alloperla,0,0,0,0,0,0,0,0,0,0,0,0,0,0,0,0,0,0,0,0,0,0,0,0
9/19/23,< 1,4,Ephemeroptera,Ameletidae,Ameletus,0,0,0,0,0,0,0,0,0,0,0,0,0,0,0,0,0,0,0,0,0,0,0,0
9/19/23,< 1,4,Plecoptera,Nemouridae,Amphinemura,0,0,0,0,0,0,0,0,0,0,0,0,0,0,0,0,0,0,0,0,0,0,0,0
9/19/23,< 1,4,Diptera,Limoniidae,Antocha,0,0,0,0,0,0,0,0,0,0,0,0,0,0,0,0,0,0,0,0,0,0,0,0
9/19/23,< 1,4,Diptera,Athericidae,Atherix,0,0,0,0,0,0,0,0,0,0,0,0,0,0,0,0,0,0,0,0,0,0,0,0
9/19/23,< 1,4,Ephemeroptera,Ephemerellidae,Attenella,0,0,0,0,0,0,0,0,0,0,0,0,0,0,0,0,0,0,0,0,0,0,0,0
9/19/23,< 1,4,Ephemeroptera,Baetidae,Baetis,0,0,0,0,0,0,0,0,0,0,0,0,0,0,0,0,0,0,0,0,0,0,0,0
9/19/23,< 1,4,Ephemeroptera,Baetidae,Baetidae,0,0,0,0,0,0,0,0,0,0,0,0,0,0,0,0,0,0,0,0,0,0,0,0
9/19/23,< 1,4,Ephemeroptera,Baetiscidae,Baetisca,0,0,0,0,0,0,0,0,0,0,0,0,0,0,0,0,0,0,0,0,0,0,0,0
9/19/23,< 1,4,Odonata,Aeshnidae,Boyeria,0,0,0,0,0,0,0,0,0,0,0,0,0,0,0,0,0,0,0,0,0,0,0,0
9/19/23,< 1,4,Odonata,Calopterygidae,Calopteryx,0,0,0,0,0,0,0,0,0,0,0,0,0,0,0,0,0,0,0,0,0,0,0,0
9/19/23,< 1,4,Plecoptera,Capniidae,Capniidae,0,0,0,0,0,0,0,0,0,0,0,0,0,0,0,0,0,0,0,0,0,0,0,0
9/19/23,< 1,4,Trichoptera,Polycentropodidae,Cernotina,0,0,0,0,0,0,0,0,0,0,0,0,0,0,0,0,0,0,0,0,0,0,0,0
9/19/23,< 1,4,Megaloptera,Corydalidae,Chauloides,0,0,0,0,0,0,0,0,0,0,0,0,0,0,0,0,0,0,0,0,0,0,0,0
9/19/23,< 1,4,Diptera,Empididae,Chelifera,0,0,0,0,0,0,0,0,0,0,0,0,0,0,0,0,0,0,0,0,0,0,0,0
9/19/23,< 1,4,Trichoptera,Hydropsychidae,Cheumatopsyche,0,0,0,0,1,0,0,0,0,0,0,0,0,0,0,0.332274866,0,0,0,0,0,1,10.76426265,0.332274866
9/19/23,< 1,4,Trichoptera,Philopotamidae,Chimarra,0,0,0,0,0,0,0,0,0,0,0,0,0,0,0,0,0,0,0,0,0,0,0,0
9/19/23,< 1,4,Diptera,Chironomidae,Chironomidae,0,0,0,0,0,0,0,0,0,0,0,0,0,0,0,0,0,0,0,0,0,0,0,0
9/19/23,< 1,4,Diptera,Chironomidae,Chironomini,0,0,0,0,0,0,0,0,0,0,0,0,0,0,0,0,0,0,0,0,0,0,0,0
9/19/23,< 1,4,Coleoptera,Circulionidae,Circulionidae,0,0,0,0,0,0,0,0,0,0,0,0,0,0,0,0,0,0,0,0,0,0,0,0
9/19/23,< 1,4,Hexapoda,Collembola,Collembola,0,0,0,0,0,0,0,0,0,0,0,0,0,0,0,0,0,0,0,0,0,0,0,0
9/19/23,< 1,4,Trichoptera,Polycentropodidae,Cyrnellus,0,0,0,0,0,0,0,0,0,0,0,0,0,0,0,0,0,0,0,0,0,0,0,0
9/19/23,< 1,4,Diptera,Pediciidae,Dicranota,0,0,0,0,0,0,0,0,0,0,0,0,0,0,0,0,0,0,0,0,0,0,0,0
9/19/23,< 1,4,Trichoptera,Hydropsychidae,Diplectrona,0,0,2,0,0,0,0,0,0,0,0,0,0,0.174294532,0,0,0,0,0,0,0,2,21.5285253,0.174294532
9/19/23,< 1,4,Diptera,Ephydridae,Discocerina,0,0,0,0,0,0,0,0,0,0,0,0,0,0,0,0,0,0,0,0,0,0,0,0
9/19/23,< 1,4,Diptera,Dixidae,Dixa,0,0,0,0,0,0,0,0,0,0,0,0,0,0,0,0,0,0,0,0,0,0,0,0
9/19/23,< 1,4,Diptera,Dixidae,Dixella,0,0,0,0,0,0,0,0,0,0,0,0,0,0,0,0,0,0,0,0,0,0,0,0
9/19/23,< 1,4,Trichoptera,Philopotamidae,Dolophilodes,0,0,0,0,0,0,0,0,0,0,0,0,0,0,0,0,0,0,0,0,0,0,0,0
9/19/23,< 1,4,Coleoptera,Psephenidae,Ectopria,0,0,0,0,0,0,0,0,0,0,0,0,0,0,0,0,0,0,0,0,0,0,0,0
9/19/23,< 1,4,Diptera,Tipulidae,Eloeophila,0,0,0,0,0,0,0,0,0,0,0,0,0,0,0,0,0,0,0,0,0,0,0,0
9/19/23,< 1,4,Ephemeroptera,Ephemeridae,Ephemera,0,0,0,0,0,0,0,0,0,0,0,0,0,0,0,0,0,0,0,0,0,0,0,0
9/19/23,< 1,4,Ephemeroptera,Heptageniidae,Epeorus,0,0,0,0,0,0,0,0,0,0,0,0,0,0,0,0,0,0,0,0,0,0,0,0
9/19/23,< 1,4,Diptera,Eriopterini,Eriopterini,0,0,0,0,0,0,0,0,0,0,0,0,0,0,0,0,0,0,0,0,0,0,0,0
9/19/23,< 1,4,Ephemeroptera,Ephemerellidae,Eurylophella,0,0,0,0,0,0,0,0,0,0,0,0,0,0,0,0,0,0,0,0,0,0,0,0
9/19/23,< 1,4,Hemiptera,Gerridae,Gerris,0,0,0,0,0,0,0,0,0,0,0,0,0,0,0,0,0,0,0,0,0,0,0,0
9/19/23,< 1,4,Trichoptera,Glossosomatidae,Glossosoma,0,0,0,0,0,0,0,0,0,0,0,0,0,0,0,0,0,0,0,0,0,0,0,0
9/19/23,< 1,4,Trichoptera,Goeridae,Goera,0,0,0,0,0,0,0,0,0,0,0,0,0,0,0,0,0,0,0,0,0,0,0,0
9/19/23,< 1,4,Odonata,Gomphidae,Gomphurus,0,0,0,0,0,0,0,0,0,0,0,0,0,0,0,0,0,0,0,0,0,0,0,0
9/19/23,< 1,4,Coleoptera,Gyrinidae,Gyrinus,0,0,0,0,0,0,0,0,0,0,0,0,0,0,0,0,0,0,0,0,0,0,0,0
9/19/23,< 1,4,Ephemeroptera,Heptageniidae,Heptageniidae,0,0,0,0,0,0,0,0,0,0,0,0,0,0,0,0,0,0,0,0,0,0,0,0
9/19/23,< 1,4,Odonata,Calopterygidae,Hetaerina,0,0,0,0,0,0,0,0,0,0,0,0,0,0,0,0,0,0,0,0,0,0,0,0
9/19/23,< 1,4,Diptera,Limoniidae,Hexatoma,0,0,0,0,0,0,0,0,0,0,0,0,0,0,0,0,0,0,0,0,0,0,0,0
9/19/23,< 1,4,Trombidiformes,Hydrachnidia,Hydrachnia,6,0,0,0,0,0,0,0,0,0,0,0,0,0,0,0,0,0,0,0,0,6,64.58557589,0
9/19/23,< 1,4,Trichoptera,Limnephilidae,Hydratophylax,0,0,0,0,0,0,0,0,0,0,0,0,0,0,0,0,0,0,0,0,0,0,0,0
9/19/23,< 1,4,Trichoptera,Hydropsychidae,Hydropsyche,0,0,0,0,0,0,0,0,0,0,0,0,0,0,0,0,0,0,0,0,0,0,0,0
9/19/23,< 1,4,Ephemeroptera,Isonychiidae,Isonychia,0,0,0,0,0,0,0,0,0,0,0,0,0,0,0,0,0,0,0,0,0,0,0,0
9/19/23,< 1,4,Plecoptera,Perlodidae,Isoperla,0,0,0,0,0,0,0,0,0,0,0,0,0,0,0,0,0,0,0,0,0,0,0,0
9/19/23,< 1,4,Lepidoptera,Crambidae,Langessa,0,0,0,0,0,0,0,0,0,0,0,0,0,0,0,0,0,0,0,0,0,0,0,0
9/19/23,< 1,4,Odonata,Gomphidae,Lanthus,0,0,0,0,0,0,0,0,0,0,0,0,0,0,0,0,0,0,0,0,0,0,0,0
9/19/23,< 1,4,Ephemeroptera,Leptophlebiidae,Leptophlebiidae,0,0,0,0,0,0,0,0,0,0,0,0,0,0,0,0,0,0,0,0,0,0,0,0
9/19/23,< 1,4,Trichoptera,Lepidostomatidae,Lepidostoma,0,0,0,0,0,0,0,0,0,0,0,0,0,0,0,0,0,0,0,0,0,0,0,0
9/19/23,< 1,4,Plecoptera,Leuctridae,Leuctra,0,0,1,1,1,0,0,0,0,0,0,0,0,0.057874322,0.125623495,0.229164028,0,0,0,0,0,3,32.29278794,0.412661844
9/19/23,< 1,4,Plecoptera,Leuctridae,Leuctridae,0,0,0,0,0,0,0,0,0,0,0,0,0,0,0,0,0,0,0,0,0,0,0,0
9/19/23,< 1,4,Trichoptera,Limnephilidae,Limnephilidae,0,0,0,0,0,0,0,0,0,0,0,0,0,0,0,0,0,0,0,0,0,0,0,0
9/19/23,< 1,4,Diptera,Limoniidae,Limnophila,0,0,0,0,0,0,0,0,0,0,0,0,0,0,0,0,0,0,0,0,0,0,0,0
9/19/23,< 1,4,Diptera,Limoniidae,Limoniidae,0,0,0,0,0,0,0,0,0,0,0,0,0,0,0,0,0,0,0,0,0,0,0,0
9/19/23,< 1,4,Diptera,Psychomyiidae,Lypodiversa,0,0,0,0,0,0,0,0,0,0,0,0,0,0,0,0,0,0,0,0,0,0,0,0
9/19/23,< 1,4,Trichoptera,Brachycentridae,Micrasema,0,0,0,0,0,0,0,0,0,0,0,0,0,0,0,0,0,0,0,0,0,0,0,0
9/19/23,< 1,4,Hemiptera,Veliidae,Microvelia,0,1,0,0,0,0,0,0,0,0,0,0,0.056890322,0,0,0,0,0,0,0,0,1,10.76426265,0.056890322
9/19/23,< 1,4,Diptera,Limoniidae,Molophilus,0,0,0,0,0,0,0,0,0,0,0,0,0,0,0,0,0,0,0,0,0,0,0,0
9/19/23,< 1,4,Ephemeroptera,Baetidae,Neocleon,0,0,0,0,0,0,0,0,0,0,0,0,0,0,0,0,0,0,0,0,0,0,0,0
9/19/23,< 1,4,Trichoptera,Thremmatidae,Neophylax,0,0,0,0,0,0,0,0,0,0,0,0,0,0,0,0,0,0,0,0,0,0,0,0
9/19/23,< 1,4,Diptera,Empididae,Neoplasta,0,0,0,0,0,0,0,0,0,0,0,0,0,0,0,0,0,0,0,0,0,0,0,0
9/19/23,< 1,4,Megaloptera,Corydalidae,Nigronia,0,0,0,0,0,0,0,0,0,0,0,0,0,0,0,0,0,0,0,0,0,0,0,0
9/19/23,< 1,4,Coleoptera,Elmidae,Optioservus(A),0,1,0,0,0,0,0,0,0,0,0,0,0.45238,0,0,0,0,0,0,0,0,1,10.76426265,0.45238
9/19/23,< 1,4,Coleoptera,Elmidae,Optioservus(L),0,31,26,2,0,0,0,0,0,0,0,0,0.940751865,2.620093978,0.472271977,0,0,0,0,0,0,59,635.0914962,4.03311782
9/19/23,< 1,4,Diptera,Empididae,Oreogeton,0,0,0,0,0,0,0,0,0,0,0,0,0,0,0,0,0,0,0,0,0,0,0,0
9/19/23,< 1,4,Diptera,Chironominae,Orthocladine,0,2,4,0,5,0,0,0,0,0,0,0,0.019080142,0.095174651,0,0.37625163,0,0,0,0,0,11,118.4068891,0.490506423
9/19/23,< 1,4,Coleoptera,Elmidae,Oulimnius(A),0,0,0,0,0,0,0,0,0,0,0,0,0,0,0,0,0,0,0,0,0,0,0,0
9/19/23,< 1,4,Coleoptera,Elmidae,Oulimnius(L),0,4,1,0,0,0,0,0,0,0,0,0,0.324347467,0.228469625,0,0,0,0,0,0,0,5,53.82131324,0.552817092
9/19/23,< 1,4,Plecoptera,Capniidae,Paracapnia,0,0,1,1,0,0,0,0,0,0,0,0,0,0.061469623,0.125713868,0,0,0,0,0,0,2,21.5285253,0.187183492
9/19/23,< 1,4,Ephemeroptera,Leptophlebiidae,Paraleptophlebiidae,0,0,0,0,0,0,0,0,0,0,0,0,0,0,0,0,0,0,0,0,0,0,0,0
9/19/23,< 1,4,Trichoptera,Polycentropodidae,Polycentropodidae,0,0,0,0,0,0,0,0,0,0,0,0,0,0,0,0,0,0,0,0,0,0,0,0
9/19/23,< 1,4,Trichoptera,Polycentropodidae,Polycentropus,0,0,0,0,0,0,0,0,0,0,0,0,0,0,0,0,0,0,0,0,0,0,0,0
9/19/23,< 1,4,Diptera,Ceratopogonidae,Probezzia,0,0,0,0,0,0,0,0,0,0,0,0,0,0,0,0,0,0,0,0,0,0,0,0
9/19/23,< 1,4,Coleoptera,Dytiscidae,Prodaticus,0,0,0,0,0,0,0,0,0,0,0,0,0,0,0,0,0,0,0,0,0,0,0,0
9/19/23,< 1,4,Diptera,Simuliidae,Prosimulium,0,0,0,0,0,0,0,0,0,0,0,0,0,0,0,0,0,0,0,0,0,0,0,0
9/19/23,< 1,4,Plecoptera,Nemouridae,Prostoia,0,0,0,0,0,0,0,0,0,0,0,0,0,0,0,0,0,0,0,0,0,0,0,0
9/19/23,< 1,4,Coleoptera,Psephenidae,Psephenus,0,1,0,0,0,0,0,0,0,0,0,0,0.056801552,0,0,0,0,0,0,0,0,1,10.76426265,0.056801552
9/19/23,< 1,4,Diptera,Tipulidae,Pseudolimnophila,0,0,0,0,0,0,0,0,0,0,0,0,0,0,0,0,0,0,0,0,0,0,0,0
9/19/23,< 1,4,Plecoptera,Pteronarcyidae,Pteronarcys,0,0,0,0,0,0,0,0,0,0,0,0,0,0,0,0,0,0,0,0,0,0,0,0
9/19/23,< 1,4,Trichoptera,Pupa,Pupa,0,0,0,0,0,0,0,0,0,0,0,0,0,0,0,0,0,0,0,0,0,0,0,0
9/19/23,< 1,4,Diptera,Pupa,Pupa,0,0,0,0,0,0,0,0,0,0,0,0,0,0,0,0,0,0,0,0,0,0,0,0
9/19/23,< 1,4,Diptera,Chironomidae,Pupa,0,0,0,0,0,0,0,0,0,0,0,0,0,0,0,0,0,0,0,0,0,0,0,0
9/19/23,< 1,4,Trichoptera,Limnephilidae,Pycnopsyche,0,0,0,0,0,0,0,0,0,0,0,0,0,0,0,0,0,0,0,0,0,0,0,0
9/19/23,< 1,4,Plecoptera,Perlodidae,Remenus,0,0,0,0,0,0,0,0,0,0,0,0,0,0,0,0,0,0,0,0,0,0,0,0
9/19/23,< 1,4,Hemiptera,Veliidae,Rhagovelia,0,0,0,0,0,0,0,0,0,0,0,0,0,0,0,0,0,0,0,0,0,0,0,0
9/19/23,< 1,4,Trichoptera,Rhyacophilidae,Rhyacophila,0,0,0,0,0,0,0,0,0,0,0,0,0,0,0,0,0,0,0,0,0,0,0,0
9/19/23,< 1,4,Megaloptera,Sialidae,Sialis,0,0,0,0,0,0,0,0,0,0,0,0,0,0,0,0,0,0,0,0,0,0,0,0
9/19/23,< 1,4,Diptera,Simuliidae,Simulium,0,0,0,0,0,0,0,0,0,0,0,0,0,0,0,0,0,0,0,0,0,0,0,0
9/19/23,< 1,4,Gastropoda,Lymnaidae,Stagnicola,0,0,0,0,0,0,0,0,0,0,0,0,0,0,0,0,0,0,0,0,0,0,0,0
9/19/23,< 1,4,Coleoptera,Elmidae,Stenelmis (A),0,0,0,0,0,0,0,0,0,0,0,0,0,0,0,0,0,0,0,0,0,0,0,0
9/19/23,< 1,4,Coleoptera,Elmidae,Stenelmis (L),0,0,0,0,0,0,0,0,0,0,0,0,0,0,0,0,0,0,0,0,0,0,0,0
9/19/23,< 1,4,Ephemeroptera,Heptageniidae,Stenonema,0,0,0,0,0,0,0,0,0,0,0,0,0,0,0,0,0,0,0,0,0,0,0,0
9/19/23,< 1,4,Diptera,Stratiomyidae,Stratiomyidae,0,0,0,0,0,0,0,0,0,0,0,0,0,0,0,0,0,0,0,0,0,0,0,0
9/19/23,< 1,4,Odonata,Gomphidae,Stylogomphus,0,0,0,0,0,0,0,0,0,0,0,0,0,0,0,0,0,0,0,0,0,0,0,0
9/19/23,< 1,4,Plecoptera,Peltoperlidae,Tallaperla,0,0,0,0,0,0,0,0,0,0,0,0,0,0,0,0,0,0,0,0,0,0,0,0
9/19/23,< 1,4,Plecoptera,Taeniopterygidae,Taeniopteryx,0,0,0,0,0,0,0,0,0,0,0,0,0,0,0,0,0,0,0,0,0,0,0,0
9/19/23,< 1,4,Diptera,Tanypodinae,Tanypodinae,0,0,0,0,0,0,0,0,0,0,0,0,0,0,0,0,0,0,0,0,0,0,0,0
9/19/23,< 1,4,Diptera,Chironominae,Tanytarsini,0,0,0,0,0,0,0,0,0,0,0,0,0,0,0,0,0,0,0,0,0,0,0,0
9/19/23,< 1,4,Diptera,Tipulidae,Tipula,0,0,0,0,0,0,0,0,0,0,0,0,0,0,0,0,0,0,0,0,0,0,0,0
9/19/23,< 1,4,Odonata,Aeshnidae,Triacanthagyna,0,0,0,0,0,0,0,0,0,0,0,0,0,0,0,0,0,0,0,0,0,0,0,0
9/19/23,< 1,4,Trichoptera,Philopotamidae,Wormaldia,0,0,0,0,0,0,0,0,0,0,0,0,0,0,0,0,0,0,0,0,0,0,0,0
9/19/23,< 1,4,Odonata,Cordulegastridae,Zoraena,0,0,0,0,0,0,0,0,0,0,0,0,0,0,0,0,0,0,0,0,0,0,0,0
9/19/23,< 1,5,Ephemeroptera,Baetidae,Acentrella,0,0,0,0,0,0,0,0,0,0,0,0,0,0,0,0,0,0,0,0,0,0,0,0
9/19/23,< 1,5,Ephemeroptera,Baetidae,Acerpenna,0,0,0,0,0,0,0,0,0,0,0,0,0,0,0,0,0,0,0,0,0,0,0,0
9/19/23,< 1,5,Plecoptera,Perlidae,Acroneuria,0,0,0,0,0,0,0,0,0,0,0,0,0,0,0,0,0,0,0,0,0,0,0,0
9/19/23,< 1,5,Plecoptera,Adult,Adult,0,0,0,0,0,0,0,0,0,0,0,0,0,0,0,0,0,0,0,0,0,0,0,0
9/19/23,< 1,5,Diptera,Adult,Adult,0,0,0,0,0,0,0,0,0,0,0,0,0,0,0,0,0,0,0,0,0,0,0,0
9/19/23,< 1,5,Plecoptera,Capniidae,Allocapnia,0,0,1,0,0,0,0,0,0,0,0,0,0,0.061469623,0,0,0,0,0,0,0,1,10.76426265,0.061469623
9/19/23,< 1,5,Diptera,Stratiomyidae,Allognasta,0,0,0,0,0,0,0,0,0,0,0,0,0,0,0,0,0,0,0,0,0,0,0,0
9/19/23,< 1,5,Plecoptera,Chloroperlidae,Alloperla,0,0,0,0,0,0,0,0,0,0,0,0,0,0,0,0,0,0,0,0,0,0,0,0
9/19/23,< 1,5,Ephemeroptera,Ameletidae,Ameletus,0,0,0,0,0,0,0,0,0,0,0,0,0,0,0,0,0,0,0,0,0,0,0,0
9/19/23,< 1,5,Plecoptera,Nemouridae,Amphinemura,0,0,0,0,0,0,0,0,0,0,0,0,0,0,0,0,0,0,0,0,0,0,0,0
9/19/23,< 1,5,Diptera,Limoniidae,Antocha,0,0,0,0,0,0,0,0,0,0,0,0,0,0,0,0,0,0,0,0,0,0,0,0
9/19/23,< 1,5,Diptera,Athericidae,Atherix,0,0,0,0,0,0,0,0,0,0,0,0,0,0,0,0,0,0,0,0,0,0,0,0
9/19/23,< 1,5,Ephemeroptera,Ephemerellidae,Attenella,0,0,0,0,0,0,0,0,0,0,0,0,0,0,0,0,0,0,0,0,0,0,0,0
9/19/23,< 1,5,Ephemeroptera,Baetidae,Baetis,0,0,0,0,0,0,0,0,0,0,0,0,0,0,0,0,0,0,0,0,0,0,0,0
9/19/23,< 1,5,Ephemeroptera,Baetidae,Baetidae,0,0,0,0,0,0,0,0,0,0,0,0,0,0,0,0,0,0,0,0,0,0,0,0
9/19/23,< 1,5,Ephemeroptera,Baetiscidae,Baetisca,0,0,0,0,0,0,0,0,0,0,0,0,0,0,0,0,0,0,0,0,0,0,0,0
9/19/23,< 1,5,Odonata,Aeshnidae,Boyeria,0,0,0,0,0,0,0,0,0,0,0,0,0,0,0,0,0,0,0,0,0,0,0,0
9/19/23,< 1,5,Odonata,Calopterygidae,Calopteryx,0,0,0,0,0,0,0,0,0,0,0,0,0,0,0,0,0,0,0,0,0,0,0,0
9/19/23,< 1,5,Plecoptera,Capniidae,Capniidae,0,0,0,0,0,0,0,0,0,0,0,0,0,0,0,0,0,0,0,0,0,0,0,0
9/19/23,< 1,5,Trichoptera,Polycentropodidae,Cernotina,0,0,0,0,0,0,0,0,0,0,0,0,0,0,0,0,0,0,0,0,0,0,0,0
9/19/23,< 1,5,Megaloptera,Corydalidae,Chauloides,0,0,0,0,0,0,0,0,0,0,0,0,0,0,0,0,0,0,0,0,0,0,0,0
9/19/23,< 1,5,Diptera,Empididae,Chelifera,0,0,0,0,0,0,0,0,0,0,0,0,0,0,0,0,0,0,0,0,0,0,0,0
9/19/23,< 1,5,Trichoptera,Hydropsychidae,Cheumatopsyche,0,0,5,6,2,0,0,0,0,0,0,0,0,0.435736331,1.111077896,0.664549732,0,0,0,0,0,13,139.9354144,2.211363958
9/19/23,< 1,5,Trichoptera,Philopotamidae,Chimarra,0,0,0,0,0,0,0,0,0,0,0,0,0,0,0,0,0,0,0,0,0,0,0,0
9/19/23,< 1,5,Diptera,Chironomidae,Chironomidae,0,0,0,0,0,0,0,0,0,0,0,0,0,0,0,0,0,0,0,0,0,0,0,0
9/19/23,< 1,5,Diptera,Chironomidae,Chironomini,0,0,0,0,0,0,0,0,0,0,0,0,0,0,0,0,0,0,0,0,0,0,0,0
9/19/23,< 1,5,Coleoptera,Circulionidae,Circulionidae,0,0,0,0,0,0,0,0,0,0,0,0,0,0,0,0,0,0,0,0,0,0,0,0
9/19/23,< 1,5,Hexapoda,Collembola,Collembola,0,0,0,0,0,0,0,0,0,0,0,0,0,0,0,0,0,0,0,0,0,0,0,0
9/19/23,< 1,5,Trichoptera,Polycentropodidae,Cyrnellus,0,0,0,0,0,0,0,0,0,0,0,0,0,0,0,0,0,0,0,0,0,0,0,0
9/19/23,< 1,5,Diptera,Pediciidae,Dicranota,0,0,0,0,0,0,0,0,0,0,0,0,0,0,0,0,0,0,0,0,0,0,0,0
9/19/23,< 1,5,Trichoptera,Hydropsychidae,Diplectrona,0,7,9,8,4,0,0,0,0,0,0,0,0.210859275,0.784325395,1.481437194,1.329099464,0,0,0,0,0,28,301.3993541,3.805721328
9/19/23,< 1,5,Diptera,Ephydridae,Discocerina,0,0,0,0,0,0,0,0,0,0,0,0,0,0,0,0,0,0,0,0,0,0,0,0
9/19/23,< 1,5,Diptera,Dixidae,Dixa,0,0,0,0,0,0,0,0,0,0,0,0,0,0,0,0,0,0,0,0,0,0,0,0
9/19/23,< 1,5,Diptera,Dixidae,Dixella,0,0,0,0,0,0,0,0,0,0,0,0,0,0,0,0,0,0,0,0,0,0,0,0
9/19/23,< 1,5,Trichoptera,Philopotamidae,Dolophilodes,0,0,0,0,0,0,0,0,0,0,0,0,0,0,0,0,0,0,0,0,0,0,0,0
9/19/23,< 1,5,Coleoptera,Psephenidae,Ectopria,0,0,0,0,0,0,0,0,0,0,0,0,0,0,0,0,0,0,0,0,0,0,0,0
9/19/23,< 1,5,Diptera,Tipulidae,Eloeophila,0,0,0,0,0,0,0,0,0,0,0,0,0,0,0,0,0,0,0,0,0,0,0,0
9/19/23,< 1,5,Ephemeroptera,Ephemeridae,Ephemera,0,0,0,0,0,0,0,0,0,0,0,0,0,0,0,0,0,0,0,0,0,0,0,0
9/19/23,< 1,5,Ephemeroptera,Heptageniidae,Epeorus,0,0,0,0,0,0,0,0,0,0,0,0,0,0,0,0,0,0,0,0,0,0,0,0
9/19/23,< 1,5,Diptera,Eriopterini,Eriopterini,0,0,0,0,0,0,0,0,0,0,0,0,0,0,0,0,0,0,0,0,0,0,0,0
9/19/23,< 1,5,Ephemeroptera,Ephemerellidae,Eurylophella,0,0,0,0,0,0,0,0,0,0,0,0,0,0,0,0,0,0,0,0,0,0,0,0
9/19/23,< 1,5,Hemiptera,Gerridae,Gerris,0,0,0,0,0,0,0,0,0,0,0,0,0,0,0,0,0,0,0,0,0,0,0,0
9/19/23,< 1,5,Trichoptera,Glossosomatidae,Glossosoma,0,0,0,0,0,0,0,0,0,0,0,0,0,0,0,0,0,0,0,0,0,0,0,0
9/19/23,< 1,5,Trichoptera,Goeridae,Goera,0,0,0,0,0,0,0,0,0,0,0,0,0,0,0,0,0,0,0,0,0,0,0,0
9/19/23,< 1,5,Odonata,Gomphidae,Gomphurus,0,0,0,0,0,0,0,0,0,0,0,0,0,0,0,0,0,0,0,0,0,0,0,0
9/19/23,< 1,5,Coleoptera,Gyrinidae,Gyrinus,0,0,0,0,0,0,0,0,0,0,0,0,0,0,0,0,0,0,0,0,0,0,0,0
9/19/23,< 1,5,Ephemeroptera,Heptageniidae,Heptageniidae,0,0,0,0,0,0,0,0,0,0,0,0,0,0,0,0,0,0,0,0,0,0,0,0
9/19/23,< 1,5,Odonata,Calopterygidae,Hetaerina,0,0,0,0,0,0,0,0,0,0,0,0,0,0,0,0,0,0,0,0,0,0,0,0
9/19/23,< 1,5,Diptera,Limoniidae,Hexatoma,0,0,0,0,0,0,0,0,0,0,0,0,0,0,0,0,0,0,0,0,0,0,0,0
9/19/23,< 1,5,Trombidiformes,Hydrachnidia,Hydrachnia,1,0,0,0,0,0,0,0,0,0,0,0,0,0,0,0,0,0,0,0,0,1,10.76426265,0
9/19/23,< 1,5,Trichoptera,Limnephilidae,Hydratophylax,0,0,0,0,0,0,0,0,0,0,0,0,0,0,0,0,0,0,0,0,0,0,0,0
9/19/23,< 1,5,Trichoptera,Hydropsychidae,Hydropsyche,0,0,0,2,0,1,0,0,0,0,0,0,0,0,0.511466964,0,0.803654364,0,0,0,0,3,32.29278794,1.315121327
9/19/23,< 1,5,Ephemeroptera,Isonychiidae,Isonychia,0,0,0,0,0,0,0,0,0,0,0,0,0,0,0,0,0,0,0,0,0,0,0,0
9/19/23,< 1,5,Plecoptera,Perlodidae,Isoperla,0,0,0,0,0,0,0,0,0,0,0,0,0,0,0,0,0,0,0,0,0,0,0,0
9/19/23,< 1,5,Lepidoptera,Crambidae,Langessa,0,0,0,0,0,0,0,0,0,0,0,0,0,0,0,0,0,0,0,0,0,0,0,0
9/19/23,< 1,5,Odonata,Gomphidae,Lanthus,0,0,0,0,0,0,0,0,0,0,0,0,0,0,0,0,0,0,0,0,0,0,0,0
9/19/23,< 1,5,Ephemeroptera,Leptophlebiidae,Leptophlebiidae,0,0,0,0,0,0,0,0,0,0,0,0,0,0,0,0,0,0,0,0,0,0,0,0
9/19/23,< 1,5,Trichoptera,Lepidostomatidae,Lepidostoma,0,0,0,0,0,0,0,0,0,0,0,0,0,0,0,0,0,0,0,0,0,0,0,0
9/19/23,< 1,5,Plecoptera,Leuctridae,Leuctra,0,0,0,0,0,0,0,0,0,0,0,0,0,0,0,0,0,0,0,0,0,0,0,0
9/19/23,< 1,5,Plecoptera,Leuctridae,Leuctridae,0,0,0,0,0,0,0,0,0,0,0,0,0,0,0,0,0,0,0,0,0,0,0,0
9/19/23,< 1,5,Trichoptera,Limnephilidae,Limnephilidae,0,0,0,0,0,0,0,0,0,0,0,0,0,0,0,0,0,0,0,0,0,0,0,0
9/19/23,< 1,5,Diptera,Limoniidae,Limnophila,0,0,0,0,0,0,0,0,0,0,0,0,0,0,0,0,0,0,0,0,0,0,0,0
9/19/23,< 1,5,Diptera,Limoniidae,Limoniidae,0,0,0,0,0,0,0,0,0,0,0,0,0,0,0,0,0,0,0,0,0,0,0,0
9/19/23,< 1,5,Diptera,Psychomyiidae,Lypodiversa,0,0,0,0,0,0,0,0,0,0,0,0,0,0,0,0,0,0,0,0,0,0,0,0
9/19/23,< 1,5,Trichoptera,Brachycentridae,Micrasema,0,0,0,0,0,0,0,0,0,0,0,0,0,0,0,0,0,0,0,0,0,0,0,0
9/19/23,< 1,5,Hemiptera,Veliidae,Microvelia,0,2,0,0,0,0,0,0,0,0,0,0,0.113780644,0,0,0,0,0,0,0,0,2,21.5285253,0.113780644
9/19/23,< 1,5,Diptera,Limoniidae,Molophilus,0,0,0,0,0,0,0,0,0,0,0,0,0,0,0,0,0,0,0,0,0,0,0,0
9/19/23,< 1,5,Ephemeroptera,Baetidae,Neocleon,0,0,0,0,0,0,0,0,0,0,0,0,0,0,0,0,0,0,0,0,0,0,0,0
9/19/23,< 1,5,Trichoptera,Thremmatidae,Neophylax,0,0,0,0,0,0,0,0,0,0,0,0,0,0,0,0,0,0,0,0,0,0,0,0
9/19/23,< 1,5,Diptera,Empididae,Neoplasta,0,0,0,0,0,0,0,0,0,0,0,0,0,0,0,0,0,0,0,0,0,0,0,0
9/19/23,< 1,5,Megaloptera,Corydalidae,Nigronia,0,0,0,0,0,0,0,0,0,0,0,0,0,0,0,0,0,0,0,0,0,0,0,0
9/19/23,< 1,5,Coleoptera,Elmidae,Optioservus(A),0,4,0,0,0,0,0,0,0,0,0,0,1.80952,0,0,0,0,0,0,0,0,4,43.05705059,1.80952
9/19/23,< 1,5,Coleoptera,Elmidae,Optioservus(L),0,55,108,4,2,0,0,0,0,0,0,0,1.66907589,10.88346729,0.944543954,0.91420968,0,0,0,0,0,169,1819.160388,14.41129682
9/19/23,< 1,5,Diptera,Empididae,Oreogeton,0,0,0,0,0,0,0,0,0,0,0,0,0,0,0,0,0,0,0,0,0,0,0,0
9/19/23,< 1,5,Diptera,Chironominae,Orthocladine,0,1,6,2,0,0,0,0,0,0,0,0,0.009540071,0.142761977,0.091012954,0,0,0,0,0,0,9,96.87836383,0.243315002
9/19/23,< 1,5,Coleoptera,Elmidae,Oulimnius(A),0,0,0,0,0,0,0,0,0,0,0,0,0,0,0,0,0,0,0,0,0,0,0,0
9/19/23,< 1,5,Coleoptera,Elmidae,Oulimnius(L),2,7,0,0,0,0,0,0,0,0,0,0.0276,0.567608067,0,0,0,0,0,0,0,0,9,96.87836383,0.595208067
9/19/23,< 1,5,Plecoptera,Capniidae,Paracapnia,0,0,0,0,0,0,0,0,0,0,0,0,0,0,0,0,0,0,0,0,0,0,0,0
9/19/23,< 1,5,Ephemeroptera,Leptophlebiidae,Paraleptophlebiidae,0,0,0,0,0,0,0,0,0,0,0,0,0,0,0,0,0,0,0,0,0,0,0,0
9/19/23,< 1,5,Trichoptera,Polycentropodidae,Polycentropodidae,0,0,0,0,0,0,0,0,0,0,0,0,0,0,0,0,0,0,0,0,0,0,0,0
9/19/23,< 1,5,Trichoptera,Polycentropodidae,Polycentropus,0,0,0,0,0,0,0,0,0,0,0,0,0,0,0,0,0,0,0,0,0,0,0,0
9/19/23,< 1,5,Diptera,Ceratopogonidae,Probezzia,0,0,0,0,0,0,0,0,0,0,0,0,0,0,0,0,0,0,0,0,0,0,0,0
9/19/23,< 1,5,Coleoptera,Dytiscidae,Prodaticus,0,0,0,0,0,0,0,0,0,0,0,0,0,0,0,0,0,0,0,0,0,0,0,0
9/19/23,< 1,5,Diptera,Simuliidae,Prosimulium,0,0,0,0,0,0,0,0,0,0,0,0,0,0,0,0,0,0,0,0,0,0,0,0
9/19/23,< 1,5,Plecoptera,Nemouridae,Prostoia,0,0,0,0,0,0,0,0,0,0,0,0,0,0,0,0,0,0,0,0,0,0,0,0
9/19/23,< 1,5,Coleoptera,Psephenidae,Psephenus,0,0,0,0,0,0,0,0,0,0,0,0,0,0,0,0,0,0,0,0,0,0,0,0
9/19/23,< 1,5,Diptera,Tipulidae,Pseudolimnophila,0,0,0,0,0,0,0,0,0,0,0,0,0,0,0,0,0,0,0,0,0,0,0,0
9/19/23,< 1,5,Plecoptera,Pteronarcyidae,Pteronarcys,0,0,0,0,0,0,0,0,0,0,0,0,0,0,0,0,0,0,0,0,0,0,0,0
9/19/23,< 1,5,Trichoptera,Pupa,Pupa,0,0,0,0,0,0,0,0,0,0,0,0,0,0,0,0,0,0,0,0,0,0,0,0
9/19/23,< 1,5,Diptera,Pupa,Pupa,0,0,0,0,0,0,0,0,0,0,0,0,0,0,0,0,0,0,0,0,0,0,0,0
9/19/23,< 1,5,Diptera,Chironomidae,Pupa,0,0,0,0,0,0,0,0,0,0,0,0,0,0,0,0,0,0,0,0,0,0,0,0
9/19/23,< 1,5,Trichoptera,Limnephilidae,Pycnopsyche,0,0,0,0,0,0,0,0,0,0,0,0,0,0,0,0,0,0,0,0,0,0,0,0
9/19/23,< 1,5,Plecoptera,Perlodidae,Remenus,0,0,0,0,0,0,0,0,0,0,0,0,0,0,0,0,0,0,0,0,0,0,0,0
9/19/23,< 1,5,Hemiptera,Veliidae,Rhagovelia,0,0,0,0,0,0,0,0,0,0,0,0,0,0,0,0,0,0,0,0,0,0,0,0
9/19/23,< 1,5,Trichoptera,Rhyacophilidae,Rhyacophila,0,3,6,2,0,0,0,0,0,0,0,0,0.165695548,0.905830953,0.616274175,0,0,0,0,0,0,11,118.4068891,1.687800675
9/19/23,< 1,5,Megaloptera,Sialidae,Sialis,0,0,0,0,0,0,0,0,0,0,0,0,0,0,0,0,0,0,0,0,0,0,0,0
9/19/23,< 1,5,Diptera,Simuliidae,Simulium,0,0,0,0,0,0,0,0,0,0,0,0,0,0,0,0,0,0,0,0,0,0,0,0
9/19/23,< 1,5,Gastropoda,Lymnaidae,Stagnicola,0,0,0,0,0,0,0,0,0,0,0,0,0,0,0,0,0,0,0,0,0,0,0,0
9/19/23,< 1,5,Coleoptera,Elmidae,Stenelmis (A),0,0,0,0,0,0,0,0,0,0,0,0,0,0,0,0,0,0,0,0,0,0,0,0
9/19/23,< 1,5,Coleoptera,Elmidae,Stenelmis (L),0,0,0,0,0,0,0,0,0,0,0,0,0,0,0,0,0,0,0,0,0,0,0,0
9/19/23,< 1,5,Ephemeroptera,Heptageniidae,Stenonema,0,0,0,0,0,0,0,0,0,0,0,0,0,0,0,0,0,0,0,0,0,0,0,0
9/19/23,< 1,5,Diptera,Stratiomyidae,Stratiomyidae,0,0,0,0,0,0,0,0,0,0,0,0,0,0,0,0,0,0,0,0,0,0,0,0
9/19/23,< 1,5,Odonata,Gomphidae,Stylogomphus,0,1,0,0,0,0,0,0,0,0,0,0,0.072152864,0,0,0,0,0,0,0,0,1,10.76426265,0.072152864
9/19/23,< 1,5,Plecoptera,Peltoperlidae,Tallaperla,0,0,0,0,0,0,0,0,0,0,0,0,0,0,0,0,0,0,0,0,0,0,0,0
9/19/23,< 1,5,Plecoptera,Taeniopterygidae,Taeniopteryx,0,0,0,0,0,0,0,0,0,0,0,0,0,0,0,0,0,0,0,0,0,0,0,0
9/19/23,< 1,5,Diptera,Tanypodinae,Tanypodinae,0,0,0,0,0,0,0,0,0,0,0,0,0,0,0,0,0,0,0,0,0,0,0,0
9/19/23,< 1,5,Diptera,Chironominae,Tanytarsini,0,0,0,0,0,0,0,0,0,0,0,0,0,0,0,0,0,0,0,0,0,0,0,0
9/19/23,< 1,5,Diptera,Tipulidae,Tipula,0,0,1,0,1,0,0,0,0,0,0,0,0,0.093710272,0,0.32641018,0,0,0,0,0,2,21.5285253,0.420120452
9/19/23,< 1,5,Odonata,Aeshnidae,Triacanthagyna,0,0,0,0,0,0,0,0,0,0,0,0,0,0,0,0,0,0,0,0,0,0,0,0
9/19/23,< 1,5,Trichoptera,Philopotamidae,Wormaldia,0,0,0,0,0,0,0,0,0,0,0,0,0,0,0,0,0,0,0,0,0,0,0,0
9/19/23,< 1,5,Odonata,Cordulegastridae,Zoraena,0,0,0,0,0,0,0,0,0,0,0,0,0,0,0,0,0,0,0,0,0,0,0,0